"","rater_id","rated_ID","Group","R1","R2","R3","R4","R5","R6","R7","R8","R9","R10","R11","R12","R13","R14","R15","R16","R17","R18","R19","R20","R21","R22","R2rev","R6rev","R10rev","R12rev","R17rev"
"1",6,7,2,6,2,3,6,4,1,2,6,4,2,4,2,5,6,7,1,1,7,5,6,7,7,6,7,6,6,7
"2",6,8,2,4,2,1,4,1,2,1,5,2,7,2,2,5,6,4,1,1,3,3,5,7,7,6,6,1,6,7
"3",6,9,2,4,1,1,3,1,5,1,4,1,7,1,3,4,4,2,1,1,2,2,3,7,7,7,3,1,5,7
"4",6,10,2,4,1,1,3,2,2,1,3,2,5,1,4,3,3,2,1,1,3,2,4,7,7,7,6,3,4,7
"5",7,6,2,4,2,3,4,3,3,3,5,3,3,3,3,4,4,4,1,1,4,4,5,7,7,6,5,5,5,7
"6",7,8,2,5,2,2,5,2,1,2,5,2,3,2,2,5,5,4,1,1,5,4,4,7,7,6,7,5,6,7
"7",7,9,2,4,1,1,3,1,2,2,4,2,2,2,2,4,2,2,1,1,3,3,3,5,5,7,6,6,6,7
"8",7,10,2,4,2,4,3,4,2,2,4,3,5,3,3,4,1,2,1,2,3,3,3,4,4,6,6,3,5,6
"9",8,6,2,7,1,5,6,4,1,4,7,5,3,6,4,7,7,7,4,2,6,6,6,7,7,7,7,5,4,6
"10",8,7,2,6,2,4,5,3,2,3,6,5,2,5,3,6,6,7,2,2,6,5,6,7,7,6,6,6,5,6
"11",8,9,2,5,2,1,5,2,3,2,5,2,6,3,5,6,5,5,1,2,3,2,5,6,6,6,5,2,3,6
"12",8,10,2,2,2,2,3,3,4,2,3,2,6,2,5,5,4,3,2,2,3,1,4,6,6,6,4,2,3,6
"13",9,6,2,7,1,4,7,3,1,1,7,3,3,2,3,7,7,6,1,1,6,7,6,7,7,7,7,5,5,7
"14",9,7,2,6,2,2,4,2,1,1,7,1,3,2,3,6,4,4,1,1,4,6,5,6,7,6,7,5,5,7
"15",9,8,2,4,3,2,4,3,1,1,6,3,2,3,2,6,6,5,1,1,4,4,6,7,7,5,7,6,6,7
"16",9,10,2,6,2,1,4,1,1,1,6,1,2,2,2,5,3,4,1,1,4,1,4,7,7,6,7,6,6,7
"17",10,6,2,6,1,4,5,3,2,1,6,3,1,2,4,5,6,7,1,1,6,6,6,7,7,7,6,7,4,7
"18",10,7,2,5,3,2,4,2,2,2,6,3,2,4,4,5,5,5,2,2,5,3,5,5,5,5,6,6,4,6
"19",10,8,2,5,2,2,5,2,2,1,5,2,6,2,6,4,5,5,2,2,5,2,3,6,5,6,6,2,2,6
"20",10,9,2,5,5,2,4,1,3,1,6,2,6,2,5,4,3,3,1,1,2,2,2,7,7,3,5,2,3,7
"21",11,12,3,7,1,1,6,1,1,1,7,1,2,1,5,7,6,6,1,1,4,4,7,7,7,7,7,6,3,7
"22",11,13,3,6,2,2,6,4,2,2,6,2,3,5,3,7,7,5,1,2,6,7,7,7,6,6,6,5,5,6
"23",11,14,3,7,1,4,6,3,1,2,7,2,2,2,2,7,7,7,1,1,5,5,7,7,7,7,7,6,6,7
"24",11,15,3,7,1,1,6,1,1,1,7,1,2,1,4,7,6,6,1,1,6,6,7,7,7,7,7,6,4,7
"25",12,11,3,7,1,1,2,1,1,1,4,1,6,1,7,6,7,6,1,1,3,4,2,7,7,7,7,2,1,7
"26",12,13,3,4,6,7,2,7,6,7,2,2,1,3,4,2,4,2,1,7,2,7,3,4,1,2,2,7,4,1
"27",12,14,3,6,2,1,6,4,2,1,6,3,1,4,2,5,7,7,1,2,7,5,5,7,7,6,6,7,6,6
"28",12,15,3,5,1,3,5,6,4,7,5,6,1,4,5,1,3,5,5,2,6,6,7,7,7,7,4,7,3,6
"29",13,11,3,6,1,4,5,3,1,1,7,4,7,5,5,7,7,7,1,1,4,3,5,7,7,7,7,1,3,7
"30",13,12,3,5,1,2,5,2,1,1,6,3,5,4,4,6,6,6,1,1,4,4,5,7,7,7,7,3,4,7
"31",13,14,3,6,1,6,5,7,2,3,6,6,3,5,5,6,7,7,1,1,5,5,6,7,7,7,6,5,3,7
"32",13,15,3,4,4,5,5,6,3,6,4,6,1,6,2,6,6,6,4,4,7,6,6,4,5,4,5,7,6,4
"33",14,11,3,6,4,1,2,1,5,1,6,1,1,1,2,6,7,5,1,1,4,1,5,6,6,4,3,7,6,7
"34",14,12,3,5,4,3,5,2,1,1,6,1,5,1,4,5,6,6,1,1,2,2,4,6,6,4,7,3,4,7
"35",14,13,3,3,4,4,1,2,4,2,2,1,4,5,4,4,6,4,1,6,6,6,4,6,4,4,4,4,4,2
"36",14,15,3,4,4,4,2,4,2,3,4,2,4,4,4,6,6,5,3,3,4,3,4,6,6,4,6,4,4,5
"37",15,11,3,7,1,1,5,1,1,2,7,3,6,3,5,7,7,6,1,1,5,3,6,7,7,7,7,2,3,7
"38",15,12,3,7,1,1,6,1,1,1,7,2,6,3,6,7,7,7,1,1,4,2,6,7,7,7,7,2,2,7
"39",15,13,3,5,5,3,6,2,2,3,6,2,4,3,5,6,7,7,1,3,6,7,6,6,5,3,6,4,3,5
"40",15,14,3,7,3,4,6,3,1,3,6,3,3,3,2,6,7,7,2,2,6,5,6,7,7,5,7,5,6,6
"41",16,17,4,6,1,1,4,1,1,1,6,1,4,1,4,7,6,5,1,1,4,1,4,6,6,7,7,4,4,7
"42",16,18,4,7,1,1,4,1,1,1,7,1,4,1,2,6,5,6,1,1,5,1,7,7,7,7,7,4,6,7
"43",16,19,4,4,1,1,4,1,1,1,6,1,2,1,1,6,4,5,1,1,4,2,7,6,6,7,7,6,7,7
"44",16,20,4,7,1,5,7,5,1,1,7,2,1,1,1,7,7,6,1,1,7,7,7,7,7,7,7,7,7,7
"45",17,16,4,7,1,2,4,2,1,1,6,1,1,1,5,4,3,3,1,1,4,4,5,6,6,7,7,7,3,7
"46",17,18,4,6,5,4,4,4,3,1,5,2,3,4,4,3,4,4,2,1,1,1,2,5,5,3,5,5,4,7
"47",17,19,4,6,1,1,1,1,1,1,5,1,2,1,4,2,3,3,1,1,3,2,2,6,6,7,7,6,4,7
"48",17,20,4,6,2,3,4,2,2,1,6,2,2,2,3,3,5,5,1,1,5,5,5,6,6,6,6,6,5,7
"49",18,16,4,6,2,1,4,2,2,2,6,1,6,1,6,6,5,5,1,1,5,5,5,7,7,6,6,2,2,7
"50",18,17,4,6,1,1,4,1,1,1,6,1,5,2,1,7,7,6,1,1,4,4,5,7,7,7,7,3,7,7
"51",18,19,4,5,1,1,1,1,1,1,6,1,6,1,1,6,5,5,1,1,4,3,4,7,7,7,7,2,7,7
"52",18,20,4,6,1,1,3,1,1,1,6,1,5,1,7,6,6,5,1,1,5,5,5,7,7,7,7,3,1,7
"53",19,16,4,7,1,4,7,4,1,1,7,6,5,4,1,7,7,7,1,1,999,999,999,999,999,7,7,3,7,7
"54",19,17,4,7,1,1,7,1,1,5,7,2,7,7,1,7,7,7,1,1,999,999,999,999,999,7,7,1,7,7
"55",19,18,4,7,1,1,7,1,1,1,7,1,7,1,4,7,7,7,1,1,999,999,999,999,999,7,7,1,4,7
"56",19,20,4,7,1,1,7,1,1,1,7,1,7,1,1,7,7,7,1,1,999,999,999,999,999,7,7,1,7,7
"57",20,16,4,6,1,2,3,2,1,1,6,1,3,1,6,6,7,5,1,1,6,6,6,7,7,7,7,5,2,7
"58",20,17,4,6,1,1,5,1,1,1,6,1,5,1,5,5,5,5,1,1,3,2,3,7,7,7,7,3,3,7
"59",20,18,4,7,1,1,4,1,1,1,6,1,3,1,6,6,6,6,1,1,6,5,6,7,7,7,7,5,2,7
"60",20,19,4,6,1,1,4,1,1,1,5,1,4,1,5,5,5,5,1,1,4,4,4,7,7,7,7,4,3,7
"61",21,22,5,6,4,6,6,4,1,1,6,4,4,4,3,7,6,6,1,1,5,4,4,7,7,4,7,4,5,7
"62",21,23,5,6,1,2,4,2,2,1,6,4,6,3,5,6,7,5,1,1,4,4,5,7,7,7,6,2,3,7
"63",21,24,5,7,4,2,4,1,1,1,6,1,4,2,5,4,6,5,1,1,4,4,4,7,7,4,7,4,3,7
"64",21,25,5,5,4,5,6,4,5,1,6,3,5,4,5,6,6,6,1,1,4,4,5,7,7,4,3,3,3,7
"65",22,21,5,7,2,4,6,3,1,1,6,3,2,1,1,6,6,6,1,1,7,7,6,7,7,6,7,6,7,7
"66",22,23,5,4,4,1,1,1,2,1,5,1,1,1,7,5,4,2,1,1,3,3,4,7,7,4,6,7,1,7
"67",22,24,5,6,1,1,4,1,1,1,6,1,6,1,6,7,7,7,1,1,7,5,6,7,7,7,7,2,2,7
"68",22,25,5,2,6,6,4,6,3,1,2,6,1,1,1,6,999,2,1,6,4,4,4,5,5,2,5,7,7,2
"69",23,21,5,6,1,5,6,4,1,3,6,4,3,2,3,6,6,6,2,2,4,6,5,6,6,7,7,5,5,6
"70",23,22,5,6,2,5,6,5,2,3,6,5,2,3,2,6,6,5,3,2,4,4,5,6,6,6,6,6,6,6
"71",23,24,5,6,2,4,6,3,2,2,6,3,3,3,3,6,6,5,2,2,5,4,6,6,6,6,6,5,5,6
"72",23,25,5,4,3,5,4,5,3,3,4,5,3,4,2,4,5,4,3,4,4,4,5,5,4,5,5,5,6,4
"73",24,21,5,7,1,7,7,4,1,999,7,4,1,7,1,7,7,7,1,1,7,5,7,7,7,7,7,7,7,7
"74",24,22,5,7,1,7,7,3,1,2,7,7,1,7,1,7,7,7,1,1,7,6,7,7,7,7,7,7,7,7
"75",24,23,5,5,1,4,5,3,1,1,5,1,2,2,6,4,4,4,1,1,4,3,4,7,7,7,7,6,2,7
"76",24,25,5,4,1,4,5,3,1,1,6,3,1,1,1,4,5,6,1,1,5,2,5,7,7,7,7,7,7,7
"77",25,21,5,7,1,1,5,1,1,1,6,2,1,1,2,6,6,6,1,1,2,2,2,6,6,7,7,7,6,7
"78",25,22,5,6,1,1,2,1,2,1,6,2,6,2,2,7,6,6,1,1,2,2,2,7,7,7,6,2,6,7
"79",25,23,5,4,4,1,2,1,1,1,5,2,6,2,4,6,6,5,1,1,6,1,3,5,5,4,7,2,4,7
"80",25,24,5,5,2,1,1,1,1,1,3,1,5,1,1,5,5,5,1,1,1,2,3,5,5,6,7,3,7,7
"81",26,27,6,7,1,1,7,1,1,1,6,1,5,1,7,7,6,6,1,1,7,7,7,999,7,7,7,3,1,7
"82",26,28,6,4,4,4,4,4,4,4,4,4,4,4,4,4,4,4,4,4,4,1,7,7,7,4,4,4,4,4
"83",26,29,6,6,1,1,1,1,1,1,7,1,5,1,1,7,7,6,1,1,7,7,7,7,7,7,7,3,7,7
"84",26,30,6,7,6,1,3,1,1,1,7,1,5,1,7,7,7,7,1,1,7,7,7,7,7,2,7,3,1,7
"85",27,26,6,4,4,1,1,1,1,1,4,1,4,1,4,5,5,4,1,1,999,999,999,999,999,4,7,4,4,7
"86",27,28,6,4,4,1,1,1,1,1,4,1,1,1,4,4,4,4,1,1,999,999,999,999,999,4,7,7,4,7
"87",27,29,6,4,4,1,1,1,1,1,4,4,6,4,4,4,5,4,1,1,999,999,999,999,999,4,7,2,4,7
"88",27,30,6,4,1,1,1,1,1,1,4,1,4,1,4,4,4,4,1,1,999,999,999,999,999,7,7,4,4,7
"89",28,26,6,5,3,4,5,3,3,5,6,4,5,3,4,6,6,6,2,2,6,5,6,6,5,5,5,3,4,6
"90",28,27,6,5,3,3,4,4,3,3,6,3,2,2,3,5,5,5,2,2,4,4,5,5,5,5,5,6,5,6
"91",28,29,6,5,3,3,5,3,3,3,5,3,4,3,4,5,5,5,2,2,2,4,3,5,5,5,5,4,4,6
"92",28,30,6,5,4,5,5,5,4,4,5,5,3,4,4,6,4,4,5,3,4,3,3,6,5,4,4,5,4,5
"93",29,26,6,4,5,3,1,1,1,1,5,1,6,1,4,4,6,4,1,1,4,5,6,6,6,3,7,2,4,7
"94",29,27,6,2,2,2,2,2,1,1,1,1,4,1,7,1,1,1,1,1,3,4,6,7,7,6,7,4,1,7
"95",29,28,6,3,1,1,1,1,1,1,3,1,7,1,4,4,4,3,1,1,2,2,4,6,6,7,7,1,4,7
"96",29,30,6,7,1,1,1,1,1,1,7,1,6,1,6,7,7,4,1,1,6,4,6,6,6,7,7,2,2,7
"97",30,26,6,7,1,1,6,1,1,1,6,1,6,1,6,6,6,4,1,1,999,999,6,6,6,7,7,2,2,7
"98",30,27,6,4,4,4,4,4,4,4,4,4,4,4,4,4,4,4,4,4,999,999,5,4,4,4,4,4,4,4
"99",30,28,6,4,5,1,3,1,1,1,2,1,3,1,1,3,4,1,1,1,999,999,2,4,4,3,7,5,7,7
"100",30,29,6,4,1,1,4,1,1,1,4,1,5,1,5,4,4,5,1,1,999,999,5,5,5,7,7,3,3,7
"101",31,32,7,999,999,999,999,999,999,999,999,999,999,999,999,999,999,999,999,999,NA,NA,NA,NA,NA,NA,NA,NA,NA,NA
"102",31,33,7,999,999,999,999,999,999,999,999,999,999,999,999,999,999,999,999,999,NA,NA,NA,NA,NA,NA,NA,NA,NA,NA
"103",31,34,7,999,999,999,999,999,999,999,999,999,999,999,999,999,999,999,999,999,NA,NA,NA,NA,NA,NA,NA,NA,NA,NA
"104",31,35,7,999,999,999,999,999,999,999,999,999,999,999,999,999,999,999,999,999,NA,NA,NA,NA,NA,NA,NA,NA,NA,NA
"105",32,31,7,6,3,6,5,6,5,5,6,6,3,6,2,6,6,6,5,3,6,6,7,5,4,5,3,5,6,5
"106",32,33,7,5,2,1,4,1,3,1,3,1,2,1,1,3,3,1,1,6,3,2,1,6,6,6,5,6,7,2
"107",32,34,7,4,5,1,3,1,4,1,3,1,7,1,7,3,2,1,1,2,1,1,2,5,5,3,4,1,1,6
"108",32,35,7,4,2,1,4,1,2,1,4,1,4,1,2,4,2,2,1,2,1,1,3,5,4,6,6,4,6,6
"109",33,31,7,7,5,4,5,4,1,3,7,3,3,3,4,6,7,6,6,2,7,7,7,7,6,3,7,5,4,6
"110",33,32,7,6,1,5,999,5,2,2,5,6,4,3,4,6,5,999,1,1,6,6,7,7,7,7,6,4,4,7
"111",33,34,7,4,3,6,4,7,3,7,2,6,5,5,2,2,3,1,1,2,3,2,2,5,2,5,5,3,6,6
"112",33,35,7,7,5,1,7,1,1,1,7,1,2,5,2,7,7,7,1,1,7,5,6,7,7,3,7,6,6,7
"113",34,31,7,7,1,6,7,1,1,1,7,1,7,1,4,7,7,7,1,1,7,7,7,7,7,7,7,1,4,7
"114",34,32,7,7,1,4,6,1,1,1,7,1,1,1,6,7,7,5,1,1,4,4,6,7,7,7,7,7,2,7
"115",34,33,7,7,1,4,4,1,1,1,5,4,3,1,4,7,7,5,1,1,6,1,7,7,7,7,7,5,4,7
"116",34,35,7,7,1,6,6,1,1,1,7,4,1,1,7,7,7,7,1,1,7,1,7,7,7,7,7,7,1,7
"117",35,31,7,4,4,6,4,7,2,5,4,6,1,5,1,6,7,4,4,5,6,7,4,4,3,4,6,7,7,3
"118",35,32,7,4,2,1,4,2,1,1,4,2,3,1,6,5,4,4,1,1,4,2,6,6,6,6,7,5,2,7
"119",35,33,7,4,2,4,3,4,4,4,4,4,4,5,4,5,4,4,1,1,4,1,5,6,6,6,4,4,4,7
"120",35,34,7,4,4,4,3,4,5,4,4,4,4,4,4,4,4,4,2,2,2,1,3,5,6,4,3,4,4,6
"121",36,37,8,5,3,4,5,4,3,3,4,4,2,4,2,5,4,4,4,3,5,4,5,7,4,5,5,6,6,5
"122",36,38,8,4,2,2,3,2,4,2,5,2,6,2,6,3,2,3,1,2,2,2,3,6,4,6,4,2,2,6
"123",36,39,8,5,2,4,4,3,2,2,5,2,4,3,4,5,5,5,2,2,6,6,5,6,5,6,6,4,4,6
"124",36,40,8,3,6,4,3,2,5,2,3,3,2,2,4,4,3,2,2,4,3,3,3,4,2,2,3,6,4,4
"125",37,36,8,5,1,1,2,2,2,1,4,2,3,1,2,4,4,3,1,1,3,4,4,7,5,7,6,5,6,7
"126",37,38,8,4,2,1,1,1,6,1,5,1,2,2,6,4,4,4,1,1,3,2,5,5,5,6,2,6,2,7
"127",37,39,8,6,2,2,2,2,1,1,6,3,2,2,2,5,5,6,1,1,5,7,6,4,4,6,7,6,6,7
"128",37,40,8,3,5,3,2,2,3,3,1,2,4,2,2,3,2,3,2,5,2,2,2,3,1,3,5,4,6,3
"129",38,36,8,6,2,2,4,2,2,1,6,4,4,1,4,6,6,4,1,1,6,4,6,7,7,6,6,4,4,7
"130",38,37,8,6,2,2,4,1,1,1,6,1,2,1,6,6,6,4,1,1,3,2,4,7,7,6,7,6,2,7
"131",38,39,8,7,2,2,7,2,1,1,7,2,4,4,4,7,7,6,1,1,5,7,6,7,7,6,7,4,4,7
"132",38,40,8,2,3,1,4,2,4,1,1,1,3,4,4,4,2,1,1,3,1,1,4,7,7,5,4,5,4,5
"133",39,36,8,5,2,2,4,2,1,1,7,1,2,1,2,5,6,4,1,1,7,6,7,7,7,6,7,6,6,7
"134",39,37,8,7,1,1,5,1,1,1,7,1,6,1,3,6,6,5,1,1,6,5,6,7,7,7,7,2,5,7
"135",39,38,8,4,1,1,4,1,1,1,5,1,5,1,2,4,4,4,1,1,3,3,3,7,7,7,7,3,6,7
"136",39,40,8,6,1,1,4,1,1,1,5,1,5,1,2,5,4,4,1,1,4,3,4,7,7,7,7,3,6,7
"137",40,36,8,6,1,2,4,3,1,1,5,3,6,2,6,6,6,4,1,1,6,6,1,2,2,7,7,2,2,7
"138",40,37,8,6,2,2,4,2,2,2,6,2,5,2,5,6,6,6,2,1,6,5,7,6,6,6,6,3,3,7
"139",40,38,8,5,1,1,3,1,3,1,4,1,7,1,7,6,7,3,1,1,2,2,4,7,7,7,5,1,1,7
"140",40,39,8,7,1,5,5,4,1,4,7,5,4,5,3,7,7,7,4,1,7,7,7,7,7,7,7,4,5,7
"141",41,42,9,7,5,3,5,2,1,1,6,2,6,2,4,4,4,4,1,2,6,2,7,7,7,3,7,2,4,6
"142",41,43,9,7,1,2,5,1,1,1,5,1,3,1,6,4,4,3,1,4,7,4,7,7,7,7,7,5,2,4
"143",41,44,9,7,1,1,4,1,1,1,7,1,4,1,2,4,4,4,1,1,7,7,7,7,7,7,7,4,6,7
"144",41,45,9,7,1,2,4,1,1,1,7,2,7,1,2,4,4,4,1,1,7,7,7,7,7,7,7,1,6,7
"145",42,41,9,5,1,2,4,5,1,2,5,4,4,1,1,6,6,5,1,1,4,3,4,7,7,7,7,4,7,7
"146",42,43,9,4,1,1,1,1,1,1,6,3,4,3,2,4,4,2,1,1,3,4,4,7,7,7,7,4,6,7
"147",42,44,9,6,1,3,4,3,2,1,7,4,4,2,4,6,6,7,1,1,6,5,6,7,7,7,6,4,4,7
"148",42,45,9,7,1,4,4,3,1,1,6,4,4,1,3,5,6,6,1,1,5,5,5,7,7,7,7,4,5,7
"149",43,41,9,5,4,3,6,3,3,2,6,2,5,3,4,6,6,6,2,5,999,999,6,7,7,4,5,3,4,3
"150",43,42,9,6,5,3,4,2,2,2,6,2,2,2,3,6,6,6,2,4,4,3,5,6,5,3,6,6,5,4
"151",43,44,9,6,3,3,4,2,2,2,6,4,5,3,5,5,5,5,2,2,5,5,6,6,6,5,6,3,3,6
"152",43,45,9,6,2,2,6,2,2,2,5,2,4,2,3,6,6,6,2,2,5,5,5,6,6,6,6,4,5,6
"153",44,41,9,5,2,4,5,4,3,3,5,3,3,3,3,5,5,6,1,4,5,4,6,6,6,6,5,5,5,4
"154",44,42,9,5,2,6,6,6,2,5,5,5,5,3,3,5,6,5,3,5,4,4,5,6,4,6,6,3,5,3
"155",44,43,9,4,2,5,5,6,4,6,4,6,1,5,2,3,5,5,5,5,4,3,5,6,6,6,4,7,6,3
"156",44,45,9,6,1,5,6,3,2,1,6,2,3,2,5,6,6,6,3,1,6,5,7,7,7,7,6,5,3,7
"157",45,41,9,5,2,3,5,2,2,2,5,2,4,2,5,4,5,5,2,2,5,2,5,6,6,6,6,4,3,6
"158",45,42,9,3,5,5,999,4,5,2,2,2,6,2,6,2,2,3,2,4,1,1,2,4,3,3,3,2,2,4
"159",45,43,9,5,4,5,4,4,2,3,4,3,2,5,2,4,5,4,2,4,4,2,5,4,5,4,6,6,6,4
"160",45,44,9,3,3,4,3,2,3,2,4,3,5,4,3,4,5,4,2,2,5,5,5,4,5,5,5,3,5,6
"161",46,47,10,7,1,1,6,1,1,1,7,1,3,1,5,7,7,7,1,1,7,7,7,7,999,7,7,5,3,7
"162",46,48,10,6,1,1,5,1,1,1,5,1,6,1,5,6,5,5,1,7,5,4,6,6,999,7,7,2,3,1
"163",46,49,10,5,3,1,4,1,1,1,5,1,6,1,6,4,7,5,1,1,4,4,6,6,999,5,7,2,2,7
"164",46,50,10,7,1,2,5,1,1,1,6,1,6,1,6,7,7,7,1,1,5,4,7,7,7,7,7,2,2,7
"165",47,46,10,6,2,6,5,5,2,3,6,4,3,3,3,5,7,7,3,1,6,5,5,7,7,6,6,5,5,7
"166",47,48,10,6,2,3,3,3,2,2,5,4,4,2,4,5,5,5,2,2,3,3,3,6,6,6,6,4,4,6
"167",47,49,10,7,1,5,6,4,1,2,7,5,2,2,3,7,7,7,3,1,6,5,6,7,7,7,7,6,5,7
"168",47,50,10,5,2,2,3,4,2,2,6,3,4,3,4,6,6,6,2,1,4,4,4,6,6,6,6,4,4,7
"169",48,46,10,7,1,1,4,1,1,1,6,1,1,1,2,6,4,4,1,1,4,4,4,4,4,7,7,7,6,7
"170",48,47,10,7,1,1,2,1,1,1,6,1,7,1,1,4,4,7,1,1,7,7,7,7,7,7,7,1,7,7
"171",48,49,10,5,1,1,2,1,1,1,6,1,1,1,1,5,4,4,1,1,4,4,4,4,4,7,7,7,7,7
"172",48,50,10,7,1,1,2,1,1,1,6,1,7,1,1,4,4,4,1,1,6,6,6,6,6,7,7,1,7,7
"173",49,46,10,999,999,999,999,999,999,999,999,999,999,999,999,999,999,999,999,999,999,999,999,999,999,NA,NA,NA,NA,NA
"174",49,47,10,999,999,999,999,999,999,999,999,999,999,999,999,999,999,999,999,999,999,999,999,999,999,NA,NA,NA,NA,NA
"175",49,48,10,7,1,1,4,3,6,1,4,4,1,4,4,4,4,4,1,2,5,999,999,999,999,7,2,7,4,6
"176",49,50,10,5,4,4,5,5,5,4,5,4,4,5,5,5,4,4,3,4,5,5,5,4,5,4,3,4,3,4
"177",50,46,10,7,1,1,5,1,1,1,6,1,6,1,7,6,6,6,1,1,999,999,999,999,999,7,7,2,1,7
"178",50,47,10,7,1,4,5,1,1,1,7,1,3,1,2,7,7,7,1,1,999,999,999,999,999,7,7,5,6,7
"179",50,48,10,7,1,2,5,1,1,1,7,1,3,1,2,6,5,5,1,1,999,999,999,999,999,7,7,5,6,7
"180",50,49,10,7,2,1,5,1,1,1,6,1,2,4,4,7,7,7,1,1,999,999,999,999,999,6,7,6,4,7
"181",56,57,12,7,1,2,5,1,1,1,6,1,1,1,4,6,6,4,1,1,5,3,6,7,7,7,7,7,4,7
"182",56,58,12,7,1,5,6,3,1,1,7,3,2,4,3,7,7,7,1,1,6,6,7,7,7,7,7,6,5,7
"183",56,59,12,7,1,6,7,5,1,1,7,6,1,5,1,7,7,7,1,1,7,6,7,7,7,7,7,7,7,7
"184",56,60,12,7,1,5,7,4,1,1,7,6,2,5,1,7,7,7,1,1,7,5,7,7,7,7,7,6,7,7
"185",57,56,12,7,1,4,1,1,1,1,7,1,2,1,2,6,6,5,1,1,5,4,6,7,7,7,7,6,6,7
"186",57,58,12,6,1,1,1,1,1,1,6,1,6,1,1,7,7,7,1,1,6,4,6,7,7,7,7,2,7,7
"187",57,59,12,7,1,2,1,1,1,1,6,1,3,1,1,7,7,6,1,1,6,4,6,7,7,7,7,5,7,7
"188",57,60,12,7,1,1,1,1,1,1,6,1,2,1,2,7,7,7,1,1,6,4,7,7,7,7,7,6,6,7
"189",58,56,12,7,1,1,4,1,1,1,7,1,1,1,1,7,7,7,1,1,4,4,6,7,7,7,7,7,7,7
"190",58,57,12,4,1,1,1,1,1,1,4,1,1,1,1,1,1,1,1,1,4,4,7,6,6,7,7,7,7,7
"191",58,59,12,7,1,1,5,1,1,1,7,1,1,1,1,7,7,6,1,1,7,5,7,7,7,7,7,7,7,7
"192",58,60,12,7,1,6,6,1,1,1,7,1,4,1,1,7,6,7,1,1,7,4,6,7,7,7,7,4,7,7
"193",59,56,12,6,2,4,5,4,3,4,6,3,5,2,4,6,6,7,2,2,5,5,6,7,5,6,5,3,4,6
"194",59,57,12,5,2,3,3,2,4,1,5,2,6,3,3,5,3,3,1,1,3,3,5,6,6,6,4,2,5,7
"195",59,58,12,6,2,5,5,4,2,2,5,3,2,3,5,6,6,4,1,1,6,4,5,6,6,6,6,6,3,7
"196",59,60,12,7,1,5,7,5,1,1,7,2,3,2,4,7,7,4,1,1,5,5,5,7,7,7,7,5,4,7
"197",60,56,12,7,1,2,4,2,1,1,7,1,5,1,1,7,7,5,1,1,6,3,7,7,7,7,7,3,7,7
"198",60,57,12,5,1,1,4,1,1,1,5,2,3,1,2,6,6,4,1,1,5,4,6,6,6,7,7,5,6,7
"199",60,58,12,6,1,1,4,1,1,1,7,1,6,1,2,7,7,4,1,1,6,3,6,7,7,7,7,2,6,7
"200",60,59,12,6,1,1,5,1,1,2,6,1,4,1,5,7,7,6,1,1,4,4,6,7,7,7,7,4,3,7
"201",61,62,13,6,5,3,6,2,2,4,6,4,3,4,5,5,6,5,3,2,4,4,5,6,5,3,6,5,3,6
"202",61,63,13,6,4,5,6,5,2,5,6,5,2,4,4,6,7,6,3,3,5,4,6,5,5,4,6,6,4,5
"203",61,64,13,5,2,5,5,4,2,4,5,5,3,5,3,5,6,5,2,2,5,6,6,5,5,6,6,5,5,6
"204",61,65,13,5,5,4,3,3,3,4,4,3,3,3,4,5,5,5,3,3,4,3,6,5,5,3,5,5,4,5
"205",62,61,13,5,2,2,2,1,2,1,2,1,6,1,3,6,6,5,1,1,4,1,6,6,6,6,6,2,5,7
"206",62,63,13,6,2,2,3,2,2,2,6,2,7,2,6,6,6,5,2,1,4,2,6,6,6,6,6,1,2,7
"207",62,64,13,4,4,3,3,3,2,2,3,3,3,4,3,4,4,3,3,3,3,5,5,4,4,4,6,5,5,5
"208",62,65,13,4,2,2,3,2,2,1,6,3,6,3,6,6,6,6,2,2,6,3,6,6,6,6,6,2,2,6
"209",63,61,13,6,2,2,6,1,7,1,7,1,4,4,4,7,7,7,1,1,5,4,7,7,7,6,1,4,4,7
"210",63,62,13,7,3,3,6,1,1,1,7,1,5,4,5,7,7,7,7,1,5,4,7,7,7,5,7,3,3,7
"211",63,64,13,7,7,6,5,5,2,1,7,3,2,4,4,6,7,7,7,1,999,999,999,999,999,1,6,6,4,7
"212",63,65,13,7,5,1,6,1,7,1,7,1,2,4,4,7,7,7,1,1,999,999,999,999,999,3,1,6,4,7
"213",64,61,13,5,1,3,3,3,2,1,5,3,6,2,6,4,6,6,1,1,2,1,6,5,5,7,6,2,2,7
"214",64,62,13,6,1,6,6,6,1,6,6,7,1,4,1,5,5,6,1,1,6,5,6,4,6,7,7,7,7,7
"215",64,63,13,7,1,2,6,1,1,1,7,1,7,3,6,7,7,7,1,1,4,1,6,7,7,7,7,1,2,7
"216",64,65,13,7,1,3,6,2,1,1,7,2,5,3,4,7,7,7,1,1,4,2,6,7,7,7,7,3,4,7
"217",65,61,13,5,3,4,7,5,1,2,5,2,5,4,3,6,7,6,2,1,1,1,3,6,6,5,7,3,5,7
"218",65,62,13,6,1,2,7,2,2,2,7,2,4,2,4,6,7,6,1,1,4,2,5,7,7,7,6,4,4,7
"219",65,63,13,6,5,4,7,3,2,2,6,3,5,3,5,6,6,6,1,1,3,1,3,6,6,3,6,3,3,7
"220",65,64,13,6,5,5,6,5,2,5,6,5,2,4,2,6,6,6,4,2,7,7,6,6,6,3,6,6,6,6
"221",66,67,14,6,1,1,5,2,1,1,6,1,1,1,1,5,5,5,1,1,4,3,4,6,6,7,7,7,7,7
"222",66,68,14,5,1,1,4,1,1,1,5,1,5,1,1,5,5,4,1,1,999,999,4,7,7,7,7,3,7,7
"223",66,69,14,5,2,2,4,1,2,1,5,2,5,1,1,4,5,6,1,1,999,999,5,5,5,6,6,3,7,7
"224",66,70,14,5,1,1,4,2,4,1,4,1,1,1,1,4,4,4,1,1,999,999,999,999,999,7,4,7,7,7
"225",67,66,14,7,1,1,5,1,1,1,6,1,2,1,7,6,5,5,1,1,999,999,5,7,7,7,7,6,1,7
"226",67,68,14,7,1,1,6,1,1,1,6,1,2,1,7,1,1,2,1,1,999,999,6,7,7,7,7,6,1,7
"227",67,69,14,7,1,1,6,1,1,1,7,1,1,1,7,1,7,6,1,1,6,999,999,7,7,7,7,7,1,7
"228",67,70,14,7,1,1,6,1,1,1,6,1,1,1,6,7,6,6,1,1,999,5,999,7,7,7,7,7,2,7
"229",68,66,14,7,2,1,4,1,1,1,5,1,1,4,999,5,3,3,1,1,7,7,7,7,7,6,7,7,NA,7
"230",68,67,14,7,1,1,4,3,3,1,5,1,1,1,1,3,999,2,1,1,6,6,6,6,6,7,5,7,7,7
"231",68,69,14,7,1,1,1,1,1,1,7,1,1,1,1,6,6,5,1,1,6,999,999,7,7,7,7,7,7,7
"232",68,70,14,999,999,999,999,999,999,999,999,999,999,999,999,999,999,999,999,999,7,7,7,7,7,NA,NA,NA,NA,NA
"233",69,66,14,7,1,2,7,1,1,1,6,1,5,2,6,7,6,4,1,1,999,999,999,6,6,7,7,3,2,7
"234",69,67,14,7,1,2,6,2,2,1,6,2,4,4,4,6,6,5,1,1,6,5,6,7,7,7,6,4,4,7
"235",69,68,14,6,1,1,5,1,1,1,1,1,4,5,6,6,6,999,1,1,5,5,5,7,7,7,7,4,2,7
"236",69,70,14,6,6,5,6,4,1,3,5,5,2,5,2,5,6,4,2,2,6,6,6,6,6,2,7,6,6,6
"237",70,66,14,7,1,4,7,1,1,1,7,1,1,1,4,7,4,4,1,1,4,4,4,7,7,7,7,7,4,7
"238",70,67,14,7,1,4,7,1,1,1,2,1,6,1,4,7,7,7,1,1,7,4,7,7,7,7,7,2,4,7
"239",70,68,14,7,1,7,7,1,1,1,7,1,1,1,1,7,7,7,1,1,7,1,7,7,7,7,7,7,7,7
"240",70,69,14,7,1,1,7,1,1,1,7,1,4,1,4,7,7,7,1,1,7,1,7,7,7,7,7,4,4,7
"241",71,72,15,6,2,3,4,4,4,2,6,2,5,5,5,6,3,5,1,6,6,6,6,7,7,6,4,3,3,2
"242",71,73,15,999,999,999,999,999,999,999,999,999,999,999,999,999,999,999,999,999,999,999,999,999,999,NA,NA,NA,NA,NA
"243",71,74,15,6,6,4,6,5,3,2,6,6,5,5,4,4,4,5,3,3,4,5,6,6,7,2,5,3,4,5
"244",71,75,15,7,6,4,7,3,4,6,6,6,5,5,4,6,6,5,4,4,6,6,6,7,6,2,4,3,4,4
"245",72,71,15,6,7,1,4,1,6,1,6,1,7,1,6,5,5,4,1,1,1,1,3,7,7,1,2,1,2,7
"246",72,73,15,6,1,1,5,2,1,1,7,3,6,1,2,5,4,6,1,1,3,4,3,7,7,7,7,2,6,7
"247",72,74,15,5,1,2,4,2,6,1,4,2,6,3,5,4,4,3,1,6,4,5,5,7,7,7,2,2,3,2
"248",72,75,15,7,5,1,6,5,1,1,6,1,2,1,7,6,6,5,1,1,7,7,7,7,7,3,7,6,1,7
"249",73,71,15,3,7,4,4,7,1,7,4,4,7,1,4,1,1,1,1,4,4,4,4,4,4,1,7,1,4,4
"250",73,72,15,7,1,1,7,1,6,1,7,1,1,1,7,7,7,4,1,1,6,6,6,6,6,7,2,7,1,7
"251",73,74,15,4,1,5,1,4,1,1,4,5,1,1,4,1,1,6,1,5,999,999,999,999,3,7,7,7,4,3
"252",73,75,15,4,1,2,1,4,3,1,4,1,2,7,6,4,4,3,1,999,7,7,7,7,7,7,5,6,2,NA
"253",74,71,15,5,1,2,3,3,2,2,4,4,5,2,2,4,4,4,1,1,999,999,4,6,6,7,6,3,6,7
"254",74,72,15,6,1,4,4,1,1,1,6,2,2,1,4,4,7,5,1,1,4,4,5,7,7,7,7,6,4,7
"255",74,73,15,4,2,4,2,2,2,1,5,3,3,1,3,4,2,2,1,1,2,4,4,6,6,6,6,5,5,7
"256",74,75,15,6,4,4,5,4,1,1,7,5,2,2,2,6,6,6,1,1,6,7,6,7,7,4,7,6,6,7
"257",75,71,15,4,2,6,4,7,6,7,2,3,4,6,3,6,2,2,4,6,999,999,999,5,1,6,2,4,5,2
"258",75,72,15,7,2,2,6,3,6,2,7,4,5,7,4,7,7,7,2,5,6,6,7,7,7,6,2,3,4,3
"259",75,73,15,6,6,3,5,2,6,3,6,4,4,4,4,6,7,6,2,6,7,6,3,7,7,2,2,4,4,2
"260",75,74,15,5,6,3,4,2,6,2,6,4,6,5,6,6,6,5,2,2,6,6,6,6,6,2,2,2,2,6
"261",76,77,16,6,2,4,5,2,2,1,6,3,4,3,3,6,6,5,1,1,5,6,7,6,999,6,6,4,5,7
"262",76,78,16,6,2,4,5,2,1,2,6,2,4,5,3,7,6,6,1,1,7,7,7,6,999,6,7,4,5,7
"263",76,79,16,6,2,2,5,1,2,2,6,2,6,1,5,6,6,6,1,1,5,2,5,6,999,6,6,2,3,7
"264",76,80,16,6,2,5,5,2,2,4,5,6,3,4,6,6,5,5,1,1,5,6,6,5,999,6,6,5,2,7
"265",77,76,16,5,1,1,2,1,1,1,6,1,7,1,7,4,2,3,1,1,4,4,5,6,6,7,7,1,1,7
"266",77,78,16,6,1,1,4,1,1,1,4,1,6,1,6,6,7,7,1,1,6,6,6,6,6,7,7,2,2,7
"267",77,79,16,4,3,1,3,1,2,1,3,1,7,1,7,1,2,2,1,2,1,1,2,5,5,5,6,1,1,6
"268",77,80,16,5,2,4,5,3,1,2,6,3,4,5,3,5,5,5,2,1,6,6,6,6,6,6,7,4,5,7
"269",78,76,16,6,1,3,6,2,1,1,6,4,1,1,3,5,6,7,1,1,6,6,5,6,7,7,7,7,5,7
"270",78,77,16,5,1,4,5,3,1,2,5,4,3,3,2,5,6,5,1,1,5,4,5,5,6,7,7,5,6,7
"271",78,79,16,6,1,1,6,1,1,1,5,3,7,2,7,6,5,5,1,1,4,5,5,6,7,7,7,1,1,7
"272",78,80,16,6,1,5,6,4,1,1,7,5,1,3,2,6,7,7,1,1,7,7,7,6,7,7,7,7,6,7
"273",79,76,16,6,2,3,6,2,2,3,5,3,3,2,3,4,3,2,2,2,4,2,5,7,7,6,6,5,5,6
"274",79,77,16,6,2,4,5,3,2,3,5,4,3,2,4,5,5,5,2,2,5,5,6,6,6,6,6,5,4,6
"275",79,78,16,6,2,4,5,2,2,3,6,2,4,2,4,6,6,6,2,2,6,6,6,7,6,6,6,4,4,6
"276",79,80,16,6,2,4,5,4,2,4,5,4,3,4,4,5,5,5,4,2,6,6,6,5,4,6,6,5,4,6
"277",80,76,16,5,1,2,4,3,1,1,4,1,5,1,5,3,2,2,1,1,1,1,2,4,3,7,7,3,3,7
"278",80,77,16,3,1,2,1,1,1,1,3,1,7,1,6,3,2,2,1,1,3,2,4,5,5,7,7,1,2,7
"279",80,78,16,5,1,4,2,2,1,1,4,1,4,1,3,5,4,5,1,1,6,6,6,4,6,7,7,4,5,7
"280",80,79,16,3,1,1,1,1,1,1,2,1,7,1,7,3,2,2,1,1,1,1,1,4,3,7,7,1,1,7
"281",81,82,17,5,1,3,5,1,1,2,6,3,2,3,2,3,4,3,2,1,6,4,3,7,7,7,7,6,6,7
"282",81,83,17,3,1,2,2,1,2,1,1,1,7,2,5,1,1,2,1,1,2,1,2,6,3,7,6,1,3,7
"283",81,84,17,3,2,3,4,3,2,4,5,4,3,3,3,4,2,2,1,1,4,3,2,4,4,6,6,5,5,7
"284",81,85,17,5,2,6,5,6,1,6,6,6,1,5,1,5,5,2,4,1,6,7,6,6,6,6,7,7,7,7
"285",82,81,17,4,1,1,3,1,1,1,5,1,1,3,4,6,7,1,3,2,4,4,6,7,7,7,7,7,4,6
"286",82,83,17,4,1,2,4,1,1,1,4,1,2,2,1,4,4,4,1,1,5,4,5,7,7,7,7,6,7,7
"287",82,84,17,4,1,1,4,1,1,1,6,1,5,1,5,5,6,6,1,1,4,4,6,7,7,7,7,3,3,7
"288",82,85,17,5,1,6,5,1,1,1,5,1,2,1,3,6,6,6,1,2,5,5,6,5,7,7,7,6,5,6
"289",83,81,17,4,1,2,5,1,1,1,3,1,7,1,4,5,6,4,1,1,4,4,6,4,5,7,7,1,4,7
"290",83,82,17,6,3,1,5,1,1,1,5,1,6,2,4,5,5,5,1,1,5,5,5,7,7,5,7,2,4,7
"291",83,84,17,6,2,1,5,1,1,2,6,2,7,2,6,4,4,4,1,1,3,3,6,7,7,6,7,1,2,7
"292",83,85,17,4,2,3,4,1,1,1,4,1,3,2,3,5,5,5,1,1,6,6,6,5,5,6,7,5,5,7
"293",84,81,17,4,2,1,3,1,1,1,3,3,2,1,2,6,7,6,1,1,4,5,7,6,5,6,7,6,6,7
"294",84,82,17,7,2,3,5,2,1,2,6,3,2,1,2,7,7,7,1,2,6,5,7,7,7,6,7,6,6,6
"295",84,83,17,5,2,1,2,1,2,1,3,1,6,1,6,4,4,4,1,1,4,1,6,7,7,6,6,2,2,7
"296",84,85,17,5,2,6,5,6,2,6,5,6,1,5,1,6,7,6,1,2,6,6,6,7,6,6,6,7,7,6
"297",85,81,17,5,2,1,3,1,2,1,4,1,6,1,3,5,5,4,1,1,4,2,6,6,6,6,6,2,5,7
"298",85,82,17,5,2,4,4,2,1,2,5,3,3,1,4,5,4,5,1,1,5,4,5,5,6,6,7,5,4,7
"299",85,83,17,3,2,2,2,1,4,1,4,1,6,1,6,3,3,2,1,1,2,2,4,4,4,6,4,2,2,7
"300",85,84,17,5,1,2,4,1,1,1,5,1,5,1,3,5,4,5,1,1,3,4,5,5,6,7,7,3,5,7
"301",86,87,18,4,4,4,5,3,3,2,4,3,3,3,3,5,4,6,2,2,5,3,5,5,4,4,5,5,5,6
"302",86,88,18,5,2,5,4,4,2,2,6,4,3,3,3,5,6,5,2,2,6,3,6,6,6,6,6,5,5,6
"303",86,89,18,6,2,2,2,1,2,2,6,2,6,2,6,6,7,7,2,2,4,2,6,7,7,6,6,2,2,6
"304",86,90,18,6,2,2,2,2,2,2,6,2,6,2,6,6,4,4,1,1,4,2,4,7,7,6,6,2,2,7
"305",87,86,18,6,1,4,3,4,1,1,7,1,2,1,1,7,5,4,1,1,1,4,6,999,999,7,7,6,7,7
"306",87,88,18,5,1,4,1,4,1,2,7,1,4,1,4,7,7,7,2,1,4,4,7,999,999,7,7,4,4,7
"307",87,89,18,4,1,7,1,6,2,7,5,7,1,4,1,7,7,6,1,4,4,4,4,999,999,7,6,7,7,4
"308",87,90,18,5,1,1,1,1,1,1,1,1,7,1,4,7,7,4,1,1,1,1,5,999,999,7,7,1,4,7
"309",88,86,18,4,2,3,4,2,1,1,4,1,4,1,5,6,4,3,1,1,999,999,999,999,999,6,7,4,3,7
"310",88,87,18,2,7,7,7,7,4,6,4,7,1,7,1,5,7,7,6,7,999,999,999,999,999,1,4,7,7,1
"311",88,89,18,5,1,1,4,1,1,1,4,1,6,1,6,7,7,7,1,1,999,999,999,999,999,7,7,2,2,7
"312",88,90,18,5,1,1,4,1,1,1,6,1,4,1,7,7,6,4,1,1,999,999,999,999,999,7,7,4,1,7
"313",89,86,18,4,4,5,4,7,1,1,4,4,1,4,1,5,4,4,1,1,4,4,4,5,4,4,7,7,7,7
"314",89,87,18,4,6,7,7,7,3,7,4,7,1,7,1,4,7,4,3,4,7,1,7,4,4,2,5,7,7,4
"315",89,88,18,7,1,5,7,7,1,1,7,7,1,3,4,7,7,7,1,3,7,1,7,7,7,7,7,7,4,5
"316",89,90,18,7,1,1,4,1,1,1,7,1,7,1,4,7,7,4,1,1,3,1,5,7,7,7,7,1,4,7
"317",90,86,18,7,2,1,4,1,1,1,6,1,7,1,5,6,7,7,1,1,5,4,5,7,999,6,7,1,3,7
"318",90,87,18,7,2,1,5,2,1,1,6,1,3,1,5,6,7,7,1,1,2,4,6,7,999,6,7,5,3,7
"319",90,88,18,7,4,1,5,1,1,1,6,1,5,1,4,7,7,7,1,1,4,4,7,7,999,4,7,3,4,7
"320",90,89,18,7,4,1,4,1,1,1,7,1,7,1,7,7,7,7,1,1,4,4,6,7,999,4,7,1,1,7
"321",91,92,19,7,1,4,4,1,1,1,7,1,5,1,4,7,6,6,1,1,6,4,5,7,7,7,7,3,4,7
"322",91,93,19,7,1,5,6,4,1,2,7,4,4,1,4,6,7,7,1,1,7,6,7,7,7,7,7,4,4,7
"323",91,94,19,7,1,5,4,1,1,1,7,1,7,1,4,7,7,7,1,1,7,6,7,7,7,7,7,1,4,7
"324",91,95,19,7,1,4,4,1,1,2,7,1,6,1,4,7,7,7,1,1,5,3,5,7,7,7,7,2,4,7
"325",92,91,19,5,3,2,3,2,3,1,5,1,6,2,5,4,4,4,1,2,2,2,5,6,5,5,5,2,3,6
"326",92,93,19,7,2,2,5,2,2,2,6,2,6,2,2,6,5,6,1,1,5,5,6,7,7,6,6,2,6,7
"327",92,94,19,5,2,2,5,2,2,2,6,2,6,2,3,5,4,5,1,2,5,5,6,6,6,6,6,2,5,6
"328",92,95,19,6,2,6,5,5,2,3,6,4,2,3,4,5,6,6,2,2,6,6,6,6,6,6,6,6,4,6
"329",93,91,19,5,1,1,2,1,1,1,4,1,7,1,4,4,3,3,1,1,4,6,6,7,7,7,7,1,4,7
"330",93,92,19,6,1,3,4,4,1,2,5,4,4,3,3,6,6,6,1,1,4,3,5,7,7,7,7,4,5,7
"331",93,94,19,5,1,1,3,1,2,1,4,2,6,1,5,4,3,3,1,1,3,3,5,7,7,7,6,2,3,7
"332",93,95,19,6,2,3,5,4,1,2,6,4,6,2,3,5,6,7,1,1,5,4,5,7,7,6,7,2,5,7
"333",94,91,19,5,2,1,4,1,1,1,5,1,3,1,1,3,4,3,1,1,3,2,3,7,999,6,7,5,7,7
"334",94,92,19,6,1,1,4,2,1,1,5,2,4,1,3,5,5,5,1,1,5,5,5,6,999,7,7,4,5,7
"335",94,93,19,6,1,4,5,5,3,1,5,1,4,1,2,5,4,4,1,1,4,4,4,6,999,7,5,4,6,7
"336",94,95,19,6,1,3,6,2,2,2,6,2,4,2,2,6,6,6,1,1,5,4,5,6,999,7,6,4,6,7
"337",95,91,19,4,3,1,4,1,3,1,3,2,7,2,5,4,3,2,1,2,2,4,4,6,6,5,5,1,3,6
"338",95,92,19,6,2,6,4,4,2,3,6,4,2,3,2,4,4,6,2,1,6,6,6,7,7,6,6,6,6,7
"339",95,93,19,6,3,4,4,5,2,2,6,4,2,4,2,5,4,6,1,1,4,4,6,6,6,5,6,6,6,7
"340",95,94,19,7,2,1,6,2,2,1,7,2,6,2,6,6,5,6,1,1,5,3,6,7,7,6,6,2,2,7
"341",96,97,20,3,2,2,3,2,1,1,2,2,2,2,2,2,3,5,1,2,2,3,6,6,5,6,7,6,6,6
"342",96,98,20,6,2,4,5,3,1,5,7,4,2,2,2,6,7,7,1,1,6,5,6,7,7,6,7,6,6,7
"343",96,99,20,7,1,2,4,3,1,2,6,2,6,2,5,6,6,7,1,1,4,3,7,7,7,7,7,2,3,7
"344",96,100,20,6,1,2,3,1,1,2,6,3,4,2,2,7,7,7,1,1,5,4,7,7,7,7,7,4,6,7
"345",97,96,20,7,1,4,6,1,1,1,7,1,1,1,1,6,4,4,1,1,7,7,7,7,7,7,7,7,7,7
"346",97,98,20,7,1,1,6,2,1,1,5,1,1,1,1,6,4,4,1,1,4,6,7,7,7,7,7,7,7,7
"347",97,99,20,7,1,2,5,1,1,1,4,1,2,1,1,4,4,6,1,1,3,2,7,6,6,7,7,6,7,7
"348",97,100,20,6,1,2,5,1,1,1,5,1,5,1,1,6,4,4,1,1,2,1,6,7,7,7,7,3,7,7
"349",98,96,20,6,2,4,3,2,1,2,6,2,4,2,4,6,6,6,3,1,6,5,6,7,7,6,7,4,4,7
"350",98,97,20,5,1,3,4,3,1,2,5,3,4,2,3,6,7,3,1,1,5,5,6,6,6,7,7,4,5,7
"351",98,99,20,5,2,3,3,3,1,2,5,3,2,2,4,4,5,6,2,1,3,3,5,7,7,6,7,6,4,7
"352",98,100,20,6,2,3,5,2,2,2,6,2,4,2,5,5,5,5,2,1,4,4,6,7,7,6,6,4,3,7
"353",99,96,20,7,2,4,5,2,1,2,7,4,2,3,2,5,7,6,2,1,5,4,6,7,7,6,7,6,6,7
"354",99,97,20,7,5,6,4,5,2,4,6,6,2,4,3,4,5,6,2,4,7,6,6,7,7,3,6,6,5,4
"355",99,98,20,6,2,5,6,4,1,2,7,4,4,3,1,7,6,7,1,1,6,5,6,7,7,6,7,4,7,7
"356",99,100,20,7,1,3,6,5,1,2,6,4,4,4,3,7,6,7,1,2,5,4,7,7,7,7,7,4,5,6
"357",100,96,20,5,3,5,3,5,3,4,5,4,2,3,3,6,5,5,2,2,4,4,5,6,5,5,5,6,5,6
"358",100,97,20,5,3,3,4,3,2,3,5,3,4,3,5,5,6,5,2,2,5,4,5,6,6,5,6,4,3,6
"359",100,98,20,6,3,4,5,3,2,3,6,3,4,3,3,5,5,6,2,2,6,6,6,6,6,5,6,4,5,6
"360",100,99,20,6,3,4,5,3,2,3,5,4,3,3,3,6,5,5,2,2,6,5,6,6,6,5,6,5,5,6
"361",101,102,21,5,1,2,4,1,1,1,6,3,6,2,4,7,6,6,1,1,7,5,7,7,7,7,7,2,4,7
"362",101,103,21,7,1,1,5,1,1,1,7,1,7,1,2,7,5,5,1,1,5,4,7,7,7,7,7,1,6,7
"363",101,104,21,6,1,1,6,1,1,1,7,1,7,1,7,6,6,6,1,1,3,3,6,7,7,7,7,1,1,7
"364",101,105,21,6,1,1,6,1,1,1,6,2,6,2,4,6,6,6,1,1,5,6,5,7,7,7,7,2,4,7
"365",102,101,21,3,4,4,3,4,3,3,5,4,2,6,2,6,5,4,2,3,3,3,5,4,4,4,5,6,6,5
"366",102,103,21,6,2,5,4,3,3,3,5,2,5,2,4,6,6,7,1,2,6,6,6,6,5,6,5,3,4,6
"367",102,104,21,4,2,2,4,2,4,3,4,3,6,3,6,4,4,5,1,3,4,3,5,7,5,6,4,2,2,5
"368",102,105,21,5,3,4,3,2,3,2,4,4,3,2,3,3,4,3,2,2,5,4,3,5,4,5,5,5,5,6
"369",103,101,21,6,2,2,4,2,3,2,6,3,5,3,5,6,6,5,1,1,4,5,7,7,7,6,5,3,3,7
"370",103,102,21,7,3,4,5,3,2,3,6,3,3,4,4,6,6,6,1,1,5,4,6,7,7,5,6,5,4,7
"371",103,104,21,5,2,2,5,2,2,2,6,2,6,2,4,6,6,6,1,1,6,5,6,7,7,6,6,2,4,7
"372",103,105,21,6,2,4,5,3,2,2,6,3,4,3,4,6,5,5,1,1,5,5,6,7,7,6,6,4,4,7
"373",104,101,21,6,1,1,2,1,1,1,7,1,7,1,7,6,4,5,1,1,3,3,6,7,7,7,7,1,1,7
"374",104,102,21,6,1,1,2,1,1,1,6,1,2,1,6,6,5,6,1,1,5,4,6,7,7,7,7,6,2,7
"375",104,103,21,5,1,1,1,1,1,1,6,1,1,1,7,5,4,4,1,1,3,3,6,7,7,7,7,7,1,7
"376",104,105,21,6,1,1,1,1,1,1,6,1,1,1,6,6,6,6,1,1,5,3,6,7,7,7,7,7,2,7
"377",105,101,21,5,1,1,5,1,1,1,6,1,4,1,4,4,4,6,1,1,3,6,4,6,6,7,7,4,4,7
"378",105,102,21,6,2,6,6,2,1,1,6,3,2,1,6,6,5,6,1,1,6,5,6,7,6,6,7,6,2,7
"379",105,103,21,6,2,2,5,1,1,1,5,2,3,2,5,4,6,4,1,1,6,4,7,7,7,6,7,5,3,7
"380",105,104,21,6,1,1,4,1,1,1,6,1,4,1,6,5,5,6,1,1,5,4,6,6,6,7,7,4,2,7
"381",106,107,22,5,2,1,6,1,4,1,6,1,7,1,4,4,4,6,1,1,3,2,5,7,7,6,4,1,4,7
"382",106,108,22,6,2,1,5,2,6,1,7,1,3,2,6,7,4,5,1,1,5,3,6,7,7,6,2,5,2,7
"383",106,109,22,7,1,3,7,1,1,1,7,1,3,2,2,7,7,7,1,1,7,7,7,7,7,7,7,5,6,7
"384",106,110,22,7,1,5,7,6,4,5,7,1,4,5,7,7,7,7,1,1,7,5,5,7,7,7,4,4,1,7
"385",107,106,22,5,4,2,4,1,2,1,6,2,7,2,4,5,6,5,1,1,4,4,4,7,7,4,6,1,4,7
"386",107,108,22,5,4,4,4,1,1,1,4,1,4,1,4,7,7,6,1,1,4,4,4,7,7,4,7,4,4,7
"387",107,109,22,6,4,4,5,1,1,1,7,1,4,1,5,7,7,7,1,1,7,7,7,7,7,4,7,4,3,7
"388",107,110,22,4,4,5,5,5,4,4,4,5,2,6,2,5,5,5,4,5,5,5,5,5,5,4,4,6,6,3
"389",108,106,22,5,4,1,5,1,5,1,5,1,7,2,7,6,7,4,1,1,5,3,7,7,7,4,3,1,1,7
"390",108,107,22,4,4,7,4,3,3,4,4,7,5,4,1,6,6,5,1,4,3,3,5,6,6,4,5,3,7,4
"391",108,109,22,7,1,1,7,1,1,1,7,1,1,1,5,7,7,7,1,1,7,7,7,7,7,7,7,7,3,7
"392",108,110,22,7,5,7,7,6,5,6,6,5,2,2,1,7,7,7,4,4,4,2,3,6,6,3,3,6,7,4
"393",109,106,22,4,1,1,5,1,5,1,4,1,7,1,6,4,7,7,1,1,7,5,7,7,7,7,3,1,2,7
"394",109,107,22,5,1,2,5,2,1,3,5,5,3,3,6,6,6,6,1,1,5,2,7,7,6,7,7,5,2,7
"395",109,108,22,4,1,1,6,1,1,1,6,1,7,2,1,7,7,7,1,1,4,2,7,7,7,7,7,1,7,7
"396",109,110,22,7,1,5,7,4,1,2,7,6,5,4,3,7,7,5,1,1,5,4,7,7,7,7,7,3,5,7
"397",110,106,22,4,2,1,4,2,1,1,5,1,7,1,6,5,5,4,1,1,4,3,7,7,7,6,7,1,2,7
"398",110,107,22,3,4,7,4,4,4,2,3,6,2,4,1,4,3,4,2,4,4,3,4,4,4,4,4,6,7,4
"399",110,109,22,7,3,5,7,4,1,1,7,5,2,6,3,7,7,7,4,4,7,7,7,7,7,5,7,6,5,4
"400",110,108,22,4,1,1,5,1,5,1,4,1,7,1,7,3,1,2,1,1,2,1,2,7,7,7,3,1,1,7
"401",111,112,23,4,2,3,5,2,3,1,4,4,7,5,5,3,5,4,2,4,4,4,5,4,999,6,5,1,3,4
"402",111,113,23,4,2,3,2,1,3,2,4,2,6,3,2,6,7,4,2,1,5,3,5,4,999,6,5,2,6,7
"403",111,114,23,5,2,5,5,3,5,4,4,2,2,5,2,5,3,5,4,5,4,4,5,4,999,6,3,6,6,3
"404",111,115,23,4,3,3,4,3,3,4,5,5,4,5,4,4,3,4,5,3,5,5,5,6,999,5,5,4,4,5
"405",112,111,23,2,6,6,4,6,3,4,4,4,3,3,3,4,4,5,2,2,4,5,4,4,4,2,5,5,5,6
"406",112,113,23,5,4,1,5,1,2,1,5,1,6,2,7,4,5,4,1,2,2,1,4,4,6,4,6,2,1,6
"407",112,114,23,5,5,3,5,2,2,2,5,2,4,4,4,6,6,6,3,3,4,4,6,6,5,3,6,4,4,5
"408",112,115,23,4,4,6,4,6,3,5,5,5,3,6,3,5,6,6,4,3,5,4,5,6,4,4,5,5,5,5
"409",113,111,23,7,4,4,4,4,1,1,4,3,7,4,4,7,5,5,1,1,2,5,3,3,3,4,7,1,4,7
"410",113,112,23,6,2,4,5,2,1,1,5,1,7,2,5,7,7,7,1,1,6,5,6,4,4,6,7,1,3,7
"411",113,114,23,6,1,5,6,3,1,1,5,1,7,1,4,7,7,7,1,1,6,5,7,7,7,7,7,1,4,7
"412",113,115,23,7,1,3,6,1,1,1,3,4,7,1,2,7,7,7,1,1,5,5,5,4,4,7,7,1,6,7
"413",114,111,23,5,4,6,4,6,3,1,4,5,2,3,1,4,4,4,1,1,3,4,7,5,4,4,5,6,7,7
"414",114,112,23,6,1,2,3,1,1,1,7,1,7,1,2,7,5,7,1,1,4,5,7,7,7,7,7,1,6,7
"415",114,113,23,7,1,1,3,1,1,1,6,2,6,2,2,7,7,6,1,1,4,4,5,7,7,7,7,2,6,7
"416",114,115,23,7,2,3,4,4,1,1,6,2,4,4,3,6,5,7,1,1,5,4,7,7,7,6,7,4,5,7
"417",115,111,23,5,4,5,3,5,2,6,3,6,2,4,1,4,4,3,5,2,5,6,6,6,3,4,6,6,7,6
"418",115,112,23,4,3,1,3,1,2,1,4,1,7,1,2,7,7,4,1,1,3,3,6,6,5,5,6,1,6,7
"419",115,113,23,4,2,1,2,1,2,2,4,2,4,4,6,6,6,4,1,1,2,2,6,5,5,6,6,4,2,7
"420",115,114,23,6,1,3,6,4,1,2,6,4,3,2,4,6,7,6,1,2,6,5,6,7,6,7,7,5,4,6
"421",116,117,24,7,1,1,1,4,1,1,7,1,7,7,7,7,7,7,1,1,7,7,7,7,7,7,7,1,1,7
"422",116,118,24,7,1,1,1,1,1,1,7,1,1,7,7,7,7,7,1,1,7,7,7,7,7,7,7,7,1,7
"423",116,119,24,7,1,1,1,4,1,1,7,1,1,7,7,7,7,7,1,1,7,7,7,7,7,7,7,7,1,7
"424",116,120,24,7,1,1,1,4,1,1,7,1,1,7,7,7,7,7,1,1,7,7,7,7,7,7,7,7,1,7
"425",117,116,24,4,4,1,1,1,1,1,5,3,7,7,7,7,7,4,1,1,2,2,6,7,7,4,7,1,1,7
"426",117,118,24,7,1,1,4,1,1,1,7,1,7,1,7,7,7,5,1,1,5,4,7,7,7,7,7,1,1,7
"427",117,119,24,7,1,1,4,1,1,1,6,1,1,3,7,7,7,6,1,1,6,4,7,7,7,7,7,7,1,7
"428",117,120,24,7,1,1,3,1,1,1,7,1,7,4,7,7,4,2,1,1,4,4,6,7,7,7,7,1,1,7
"429",118,116,24,6,3,3,4,3,4,1,5,2,4,4,4,7,6,5,1,2,1,1,4,7,7,5,4,4,4,6
"430",118,117,24,6,2,1,4,1,6,1,6,1,6,1,7,6,6,6,1,1,1,1,4,7,7,6,2,2,1,7
"431",118,119,24,7,1,2,6,2,1,1,7,1,4,4,6,7,6,6,1,1,1,1,4,7,7,7,7,4,2,7
"432",118,120,24,6,1,1,5,1,1,1,6,2,6,2,6,5,4,4,1,1,1,1,4,7,7,7,7,2,2,7
"433",119,116,24,4,6,4,5,6,3,6,2,5,2,5,4,5,2,2,1,3,3,2,4,6,4,2,5,6,4,5
"434",119,117,24,5,3,2,4,1,1,1,5,1,5,2,4,6,7,5,1,1,5,5,6,6,6,5,7,3,4,7
"435",119,118,24,7,4,3,6,1,1,1,7,1,3,4,6,7,7,7,1,1,6,6,6,7,7,4,7,5,2,7
"436",119,120,24,4,3,2,5,1,1,1,5,1,4,2,5,4,5,4,1,1,3,4,4,6,6,5,7,4,3,7
"437",120,116,24,4,6,6,2,6,1,1,5,5,4,5,6,6,6,6,1,1,5,3,999,7,7,2,7,4,2,7
"438",120,117,24,6,4,2,6,2,2,2,5,2,6,2,6,6,6,6,1,2,6,6,6,7,7,4,6,2,2,6
"439",120,118,24,7,3,3,4,1,1,1,7,2,5,3,4,7,7,7,6,1,6,2,6,7,7,5,7,3,4,7
"440",120,119,24,6,2,2,5,1,1,1,6,3,4,2,3,6,6,6,1,1,6,5,6,7,7,6,7,4,5,7
"441",121,122,25,6,2,2,6,3,2,2,5,1,7,6,5,7,7,6,1,1,5,3,6,7,7,6,6,1,3,7
"442",121,123,25,4,3,5,5,6,2,5,5,5,3,6,3,5,4,4,2,1,3,3,5,5,5,5,6,5,5,7
"443",121,124,25,6,2,5,6,6,2,5,6,5,3,6,3,6,6,6,1,1,7,7,7,6,6,6,6,5,5,7
"444",121,125,25,6,1,2,6,3,2,2,6,2,7,7,7,7,5,5,1,1,6,5,5,7,7,7,6,1,1,7
"445",122,121,25,6,2,2,5,1,1,1,6,1,6,2,6,7,7,6,1,1,6,4,7,7,7,6,7,2,2,7
"446",122,123,25,5,5,3,4,3,2,1,4,3,7,1,3,6,7,5,1,2,3,2,5,4,4,3,6,1,5,6
"447",122,124,25,6,4,4,6,3,1,2,5,6,3,4,2,6,7,5,1,3,5,7,6,5,6,4,7,5,6,5
"448",122,125,25,6,2,1,5,2,1,1,6,2,7,2,6,6,7,6,1,2,4,3,6,7,7,6,7,1,2,6
"449",123,121,25,5,2,1,4,2,1,1,5,1,6,2,6,6,6,6,1,1,5,5,5,6,6,6,7,2,2,7
"450",123,122,25,5,2,2,4,2,1,1,5,1,7,2,5,6,6,6,1,1,5,5,5,6,6,6,7,1,3,7
"451",123,124,25,5,2,3,6,2,1,1,5,2,3,2,2,5,5,6,1,1,5,5,5,5,6,6,7,5,6,7
"452",123,125,25,5,2,1,5,2,2,1,5,2,2,2,5,5,5,6,1,1,5,5,5,6,6,6,6,6,3,7
"453",124,121,25,6,1,2,6,2,1,1,6,2,3,3,2,6,6,6,1,1,5,4,6,7,7,7,7,5,6,7
"454",124,122,25,5,1,2,6,2,1,1,5,2,1,2,2,6,5,5,1,1,5,2,6,6,7,7,7,7,6,7
"455",124,123,25,6,1,4,5,3,2,2,5,3,2,4,2,6,5,5,1,1,5,4,5,6,7,7,6,6,6,7
"456",124,125,25,6,1,2,6,1,1,1,6,2,6,2,5,6,6,6,1,1,5,5,6,7,7,7,7,2,3,7
"457",125,121,25,7,3,3,5,3,2,1,7,3,7,1,4,7,7,6,1,1,5,6,7,7,7,5,6,1,4,7
"458",125,122,25,5,4,3,6,3,2,1,4,3,7,1,6,5,5,6,1,1,5,5,6,7,7,4,6,1,2,7
"459",125,123,25,4,4,1,4,1,1,1,5,1,7,1,7,4,4,4,1,1,5,5,6,7,7,4,7,1,1,7
"460",125,124,25,5,6,7,7,5,1,1,7,1,1,5,5,5,5,6,1,1,7,7,7,7,7,2,7,7,3,7
"461",126,127,26,7,1,3,5,2,1,1,6,3,6,1,7,7,6,6,1,1,6,7,7,7,7,7,7,2,1,7
"462",126,128,26,5,1,2,4,1,1,1,6,2,7,1,6,6,5,4,1,1,4,3,4,7,7,7,7,1,2,7
"463",126,129,26,6,1,2,4,2,1,1,3,2,7,1,7,4,4,5,1,1,6,5,6,7,7,7,7,1,1,7
"464",126,130,26,5,2,4,5,4,2,1,6,2,7,1,7,6,5,6,1,1,5,6,6,7,7,6,6,1,1,7
"465",127,126,26,7,1,1,7,1,1,1,7,1,3,1,5,7,7,6,1,1,7,5,7,7,7,7,7,5,3,7
"466",127,128,26,7,1,1,4,1,1,1,7,1,4,1,7,1,1,1,1,1,4,1,7,7,7,7,7,4,1,7
"467",127,129,26,7,1,5,4,3,1,1,7,6,2,3,3,7,4,4,1,1,4,3,7,7,7,7,7,6,5,7
"468",127,130,26,7,1,1,5,1,1,1,7,1,6,1,7,7,4,4,1,1,5,2,7,7,7,7,7,2,1,7
"469",128,126,26,7,1,3,3,1,1,1,7,1,2,1,6,7,7,7,1,1,7,7,7,7,7,7,7,6,2,7
"470",128,127,26,7,1,1,6,1,1,1,7,1,7,1,2,7,4,4,1,1,6,4,7,7,7,7,7,1,6,7
"471",128,129,26,7,1,6,4,1,1,1,7,2,3,1,6,7,7,6,1,1,4,2,6,7,7,7,7,5,2,7
"472",128,130,26,5,1,1,3,1,1,1,5,1,4,1,5,4,4,2,1,1,3,3,6,7,7,7,7,4,3,7
"473",129,126,26,6,2,2,4,2,2,1,6,2,6,2,6,7,7,7,1,2,7,6,6,7,7,6,6,2,2,6
"474",129,127,26,7,1,1,5,1,1,1,7,1,7,2,7,6,6,6,1,1,6,6,6,7,7,7,7,1,1,7
"475",129,128,26,6,1,1,4,2,1,1,6,1,7,1,7,7,5,5,1,1,7,5,5,7,7,7,7,1,1,7
"476",129,130,26,6,1,5,6,1,1,1,6,1,6,1,6,6,6,6,1,1,6,6,6,7,7,7,7,2,2,7
"477",130,126,26,6,2,1,5,1,1,1,7,1,4,2,6,7,7,6,1,1,6,4,6,7,7,6,7,4,2,7
"478",130,127,26,6,1,1,4,1,1,1,7,2,4,2,5,6,5,4,1,1,5,6,4,7,7,7,7,4,3,7
"479",130,128,26,6,1,2,4,2,2,2,6,2,7,2,7,5,4,5,1,1,4,3,6,7,7,7,6,1,1,7
"480",130,129,26,7,1,1,6,1,1,1,7,1,3,2,7,7,7,6,1,1,6,5,6,7,7,7,7,5,1,7
"481",131,132,27,5,2,2,5,1,2,1,4,1,6,1,2,2,3,4,1,2,4,2,5,5,5,6,6,2,6,6
"482",131,133,27,6,3,2,4,2,2,1,5,3,5,1,6,6,6,6,1,5,5,4,5,6,6,5,6,3,2,3
"483",131,134,27,5,2,2,5,2,1,2,6,3,3,1,5,5,6,4,1,4,6,6,6,5,5,6,7,5,3,4
"484",131,135,27,5,3,1,5,1,3,1,5,1,5,1,7,6,5,4,1,1,4,3,3,7,7,5,5,3,1,7
"485",132,131,27,5,1,1,3,4,1,1,6,2,4,3,5,2,3,4,1,1,4,2,5,5,5,7,7,4,3,7
"486",132,133,27,4,3,5,5,5,2,4,4,5,3,4,3,3,5,5,2,3,5,4,5,3,4,5,6,5,5,5
"487",132,134,27,4,2,2,4,1,1,3,4,2,4,3,5,4,4,4,2,2,4,5,5,5,5,6,7,4,3,6
"488",132,135,27,4,1,1,4,2,4,1,4,2,6,2,6,4,4,5,1,1,3,3,5,5,5,7,4,2,2,7
"489",133,131,27,4,1,2,5,1,2,1,4,1,2,1,2,3,6,4,1,2,3,2,4,5,5,7,6,6,6,6
"490",133,132,27,4,1,1,3,1,1,1,2,1,5,1,2,2,6,3,1,2,5,5,6,4,4,7,7,3,6,6
"491",133,134,27,6,1,2,3,2,1,2,5,2,1,3,3,5,5,5,2,2,6,4,6,7,7,7,7,7,5,6
"492",133,135,27,3,2,1,3,1,1,1,3,1,4,1,2,2,3,3,1,1,3,2,4,5,5,6,7,4,6,7
"493",134,131,27,5,2,2,5,1,3,1,5,2,5,2,6,6,6,5,1,2,5,4,5,6,5,6,5,3,2,6
"494",134,132,27,5,4,5,5,4,2,4,5,5,3,4,2,4,5,6,4,4,6,6,6,5,4,4,6,5,6,4
"495",134,133,27,6,3,5,5,5,2,3,5,6,3,4,2,5,6,5,3,2,5,5,6,7,7,5,6,5,6,6
"496",134,135,27,2,6,1,3,1,5,1,2,2,7,2,6,5,5,4,1,4,2,1,2,4,4,2,3,1,2,4
"497",135,131,27,6,2,1,4,1,1,1,6,1,7,1,7,4,3,3,1,1,3,2,4,7,5,6,7,1,1,7
"498",135,132,27,5,2,1,4,2,1,1,6,2,5,2,5,4,4,4,1,1,5,6,6,5,4,6,7,3,3,7
"499",135,133,27,6,2,3,5,3,2,1,7,2,3,4,4,5,6,5,1,1,6,5,5,5,4,6,6,5,4,7
"500",135,134,27,6,2,2,5,2,2,1,5,1,6,2,6,5,5,4,1,1,6,5,6,5,5,6,6,2,2,7
"501",136,137,28,5,1,1,4,1,1,1,5,1,4,3,999,5,6,4,1,1,4,4,4,7,7,7,7,4,NA,7
"502",136,138,28,5,2,2,5,1,1,1,6,1,6,2,6,7,6,6,1,1,6,6,6,7,7,6,7,2,2,7
"503",136,139,28,5,2,1,4,1,2,1,5,1,6,4,6,6,6,6,1,1,5,5,5,7,7,6,6,2,2,7
"504",136,140,28,5,1,5,5,4,2,4,5,4,2,3,2,6,6,6,1,1,6,5,5,7,7,7,6,6,6,7
"505",137,136,28,6,5,5,4,3,2,3,3,3,2,3,2,5,6,6,2,1,5,4,5,6,5,3,6,6,6,7
"506",137,138,28,6,1,2,4,2,1,1,6,6,5,3,2,6,6,6,1,1,6,6,6,5,6,7,7,3,6,7
"507",137,139,28,6,1,1,4,2,1,1,6,2,4,3,3,5,5,5,1,1,999,999,6,6,6,7,7,4,5,7
"508",137,140,28,6,1,4,6,3,1,1,6,3,4,3,2,6,6,6,1,1,999,999,6,6,6,7,7,4,6,7
"509",138,136,28,6,2,3,3,3,2,1,6,4,5,2,4,5,5,5,1,2,4,3,6,6,6,6,6,3,4,6
"510",138,137,28,4,4,3,4,3,4,2,4,3,5,3,5,2,3,1,1,2,3,3,5,4,4,4,4,3,3,6
"511",138,139,28,5,5,3,2,3,3,2,4,5,3,3,5,4,4,3,2,2,5,5,6,5,5,3,5,5,3,6
"512",138,140,28,6,3,5,5,5,3,2,6,5,3,5,2,7,6,6,1,3,5,5,5,6,6,5,5,5,6,5
"513",139,136,28,7,4,2,3,1,1,1,7,2,7,4,4,4,5,5,1,1,4,1,7,7,7,4,7,1,4,7
"514",139,137,28,7,4,1,3,1,1,2,7,1,1,1,1,5,4,4,1,1,5,2,7,7,7,4,7,7,7,7
"515",139,138,28,7,4,2,3,1,1,4,7,2,2,1,7,5,7,4,1,1,6,7,7,7,7,4,7,6,1,7
"516",139,140,28,7,4,6,4,6,1,6,7,5,2,7,1,7,7,5,1,1,1,1,5,7,7,4,7,6,7,7
"517",140,136,28,6,1,5,4,2,2,1,6,4,3,4,2,6,6,7,1,1,2,2,4,7,7,7,6,5,6,7
"518",140,137,28,3,1,1,4,3,1,1,5,2,6,2,5,3,3,4,1,7,3,1,5,6,5,7,7,2,3,1
"519",140,138,28,7,1,4,6,2,1,1,7,3,5,5,6,7,7,7,2,2,6,6,6,7,7,7,7,3,2,6
"520",140,139,28,6,1,3,4,3,2,3,6,4,2,5,4,6,6,5,1,1,2,2,6,6,7,7,6,6,4,7
"521",141,142,29,6,3,2,5,2,1,2,6,2,4,4,4,7,7,6,1,1,7,6,6,7,7,5,7,4,4,7
"522",141,143,29,7,2,1,4,1,1,1,7,1,4,4,6,7,6,7,1,1,5,5,6,7,7,6,7,4,2,7
"523",141,144,29,7,1,1,5,1,1,1,6,1,7,2,6,7,7,7,1,1,6,6,5,7,7,7,7,1,2,7
"524",141,145,29,6,3,2,3,2,1,1,7,2,6,2,6,7,7,6,1,1,6,6,5,7,7,5,7,2,2,7
"525",142,141,29,6,2,3,5,3,1,1,7,4,4,3,6,7,7,4,2,2,3,3,6,7,6,6,7,4,2,6
"526",142,143,29,6,3,3,4,3,5,2,6,4,4,3,5,5,5,6,2,1,4,2,6,7,7,5,3,4,3,7
"527",142,144,29,6,4,3,3,2,3,1,4,2,7,1,6,5,5,4,1,1,6,4,6,7,6,4,5,1,2,7
"528",142,145,29,5,5,2,3,1,5,1,5,1,7,2,5,4,5,4,1,6,4,3,4,7,6,3,3,1,3,2
"529",143,141,29,7,1,2,5,1,1,1,7,1,2,1,7,7,7,7,1,1,5,5,5,7,7,7,7,6,1,7
"530",143,142,29,6,2,4,5,4,2,1,6,1,4,3,2,6,7,6,1,2,6,7,6,7,7,6,6,4,6,6
"531",143,144,29,6,1,1,6,3,1,1,6,1,1,1,5,6,7,7,1,1,7,6,6,7,7,7,7,7,3,7
"532",143,145,29,6,1,1,4,1,1,1,7,1,7,1,7,6,6,4,1,1,4,4,4,7,7,7,7,1,1,7
"533",144,141,29,6,2,1,3,2,2,2,5,2,6,2,6,6,6,5,1,1,3,2,5,6,7,6,6,2,2,7
"534",144,142,29,4,4,3,2,4,3,5,4,4,4,3,3,5,5,6,2,2,5,4,4,6,5,4,5,4,5,6
"535",144,143,29,5,4,2,2,2,3,2,6,3,3,3,6,5,4,6,2,2,3,3,5,6,4,4,5,5,2,6
"536",144,145,29,5,3,1,3,1,3,1,5,1,7,1,7,6,6,6,1,1,3,3,5,6,6,5,5,1,1,7
"537",145,141,29,6,2,1,5,4,2,3,5,4,5,3,5,7,7,6,1,1,4,3,4,6,6,6,6,3,3,7
"538",145,142,29,4,2,5,4,6,4,4,3,2,5,7,2,4,5,3,4,2,6,6,5,6,4,6,4,3,6,6
"539",145,143,29,5,2,1,4,2,2,3,4,5,5,5,6,4,3,2,1,1,2,2,4,6,6,6,6,3,2,7
"540",145,144,29,5,2,4,4,4,2,2,5,3,4,4,4,6,6,6,1,1,6,4,6,6,6,6,6,4,4,7
"541",146,147,30,3,5,7,5,6,4,5,4,6,4,4,2,5,5,4,1,4,5,5,4,6,4,3,4,4,6,4
"542",146,148,30,7,2,3,7,2,2,3,7,1,3,5,4,7,7,7,1,1,6,5,6,7,7,6,6,5,4,7
"543",146,149,30,6,4,3,5,2,3,1,5,1,6,2,6,6,6,4,1,2,3,3,6,7,7,4,5,2,2,6
"544",146,150,30,6,2,4,7,2,1,1,6,1,5,2,5,7,7,5,1,1,7,6,6,7,7,6,7,3,3,7
"545",147,146,30,7,5,3,6,2,1,2,7,2,4,2,2,7,7,7,1,1,6,5,7,7,7,3,7,4,6,7
"546",147,148,30,7,5,3,6,2,1,3,7,2,3,2,3,7,6,7,1,1,7,6,7,7,7,3,7,5,5,7
"547",147,149,30,7,4,1,6,1,1,1,7,1,7,3,6,7,6,7,1,1,6,5,7,7,7,4,7,1,2,7
"548",147,150,30,7,1,1,7,2,1,1,7,2,1,1,1,7,7,7,1,1,7,5,7,7,7,7,7,7,7,7
"549",148,146,30,6,4,3,5,2,1,4,5,5,1,6,4,7,7,5,4,1,4,4,4,7,7,4,7,7,4,7
"550",148,147,30,7,2,4,4,4,1,2,6,5,4,4,3,5,7,6,1,1,5,5,5,7,7,6,7,4,5,7
"551",148,149,30,7,2,3,4,3,1,2,6,3,5,2,5,6,7,6,2,1,3,3,4,7,7,6,7,3,3,7
"552",148,150,30,7,2,3,4,3,2,2,7,3,2,2,4,7,7,6,1,1,4,4,6,7,7,6,6,6,4,7
"553",149,146,30,6,2,3,4,5,2,3,6,2,3,4,6,6,5,4,1,1,4,4,4,6,6,6,6,5,2,7
"554",149,147,30,4,1,2,4,2,2,2,5,4,4,3,5,6,4,4,1,1,4,4,4,6,5,7,6,4,3,7
"555",149,148,30,5,2,1,5,2,2,2,6,2,5,2,6,6,5,5,1,1,4,4,4,6,6,6,6,3,2,7
"556",149,150,30,5,1,1,2,4,2,3,5,3,6,1,6,5,5,5,1,1,4,5,5,6,6,7,6,2,2,7
"557",150,146,30,5,2,1,4,1,1,1,4,2,5,4,4,6,6,2,1,1,5,4,6,7,5,6,7,3,4,7
"558",150,147,30,6,1,7,5,3,1,6,5,6,2,2,5,6,7,4,1,1,5,5,6,7,6,7,7,6,3,7
"559",150,148,30,7,1,1,1,2,1,1,7,1,5,1,4,7,7,5,1,1,7,7,7,7,7,7,7,3,4,7
"560",150,149,30,7,1,1,1,1,1,1,5,1,7,1,1,6,6,3,1,1,5,4,6,7,7,7,7,1,7,7
"561",151,152,31,5,1,4,4,2,1,2,6,1,3,1,2,6,6,4,1,1,4,3,6,5,5,7,7,5,6,7
"562",151,153,31,6,1,3,4,2,1,1,6,3,2,2,2,6,6,3,1,1,2,2,5,7,7,7,7,6,6,7
"563",151,154,31,6,1,1,3,1,1,1,6,1,4,1,3,7,7,4,1,1,4,4,6,7,7,7,7,4,5,7
"564",151,155,31,7,1,3,5,3,1,2,7,3,1,2,3,7,7,4,1,1,4,4,6,7,7,7,7,7,5,7
"565",152,151,31,6,1,1,1,1,1,1,7,1,7,1,7,6,4,4,1,1,1,4,5,7,7,7,7,1,1,7
"566",152,153,31,7,1,4,4,5,1,4,5,1,3,1,4,5,6,5,1,1,4,5,5,7,7,7,7,5,4,7
"567",152,154,31,4,1,4,4,4,1,1,6,1,7,1,7,6,4,5,1,1,5,6,6,7,7,7,7,1,1,7
"568",152,155,31,7,1,4,5,5,1,1,7,1,4,1,5,7,7,7,1,1,7,7,7,7,7,7,7,4,3,7
"569",153,151,31,5,3,2,4,3,4,3,4,1,7,1,7,4,5,4,1,6,4,4,4,7,7,5,4,1,1,2
"570",153,152,31,6,2,4,5,5,1,4,6,5,2,3,3,6,7,6,1,2,6,5,6,7,7,6,7,6,5,6
"571",153,154,31,7,1,3,5,5,1,3,5,4,2,2,4,5,6,7,2,1,6,5,7,7,7,7,7,6,4,7
"572",153,155,31,7,1,4,7,4,1,3,7,4,4,5,2,7,7,7,2,2,7,7,7,7,7,7,7,4,6,6
"573",154,151,31,4,3,2,4,2,2,2,5,2,6,2,5,4,5,4,1,2,4,4,6,5,5,5,6,2,3,6
"574",154,152,31,5,2,2,4,2,1,1,6,2,6,2,5,6,6,5,1,1,6,5,5,6,6,6,7,2,3,7
"575",154,153,31,6,2,3,6,3,2,2,7,2,4,2,5,6,7,6,2,2,6,5,6,7,6,6,6,4,3,6
"576",154,155,31,6,4,3,5,2,2,2,6,2,3,2,6,7,6,5,1,2,6,5,6,6,5,4,6,5,2,6
"577",155,151,31,7,1,2,5,1,1,1,7,1,6,1,4,6,7,7,1,1,4,2,7,7,7,7,7,2,4,7
"578",155,152,31,7,1,5,6,1,1,1,7,2,4,1,2,7,7,7,1,1,6,1,7,7,7,7,7,4,6,7
"579",155,153,31,7,1,5,6,1,1,1,7,5,4,1,4,7,7,7,1,1,7,2,7,7,7,7,7,4,4,7
"580",155,154,31,7,1,1,7,1,1,1,7,4,4,1,4,7,7,7,1,1,7,2,7,7,7,7,7,4,4,7
"581",156,157,32,7,3,4,5,4,1,2,7,4,5,3,4,6,6,6,1,1,6,5,6,7,7,5,7,3,4,7
"582",156,158,32,7,4,5,6,5,2,2,6,4,3,5,3,6,7,6,1,1,5,5,6,7,7,4,6,5,5,7
"583",156,159,32,7,3,4,7,3,1,2,7,4,6,3,3,7,7,7,1,1,6,5,6,7,7,5,7,2,5,7
"584",156,160,32,6,4,3,6,2,2,2,7,2,6,2,6,7,6,6,1,1,6,5,6,7,7,4,6,2,2,7
"585",157,156,32,7,1,1,3,1,2,1,6,2,6,3,5,5,4,4,1,1,6,2,7,7,7,7,6,2,3,7
"586",157,158,32,6,2,3,4,3,2,4,6,3,2,5,5,6,7,6,2,1,6,5,7,7,5,6,6,6,3,7
"587",157,159,32,6,2,5,7,5,1,4,7,4,4,6,2,7,7,5,3,6,7,7,7,7,6,6,7,4,6,2
"588",157,160,32,6,2,1,5,4,2,2,7,1,5,2,6,6,6,4,1,1,6,4,7,6,6,6,6,3,2,7
"589",158,156,32,6,1,1,5,1,2,1,7,1,5,1,6,6,5,5,1,1,4,3,5,7,7,7,6,3,2,7
"590",158,157,32,6,3,4,5,4,1,1,7,5,4,3,5,6,5,4,1,3,5,4,5,7,6,5,7,4,3,5
"591",158,159,32,6,2,4,6,2,2,2,7,5,2,1,4,6,7,5,1,1,6,5,6,7,7,6,6,6,4,7
"592",158,160,32,6,1,1,4,1,2,1,7,2,3,1,1,6,4,4,1,1,4,3,5,7,6,7,6,5,7,7
"593",159,156,32,7,2,1,5,2,1,2,6,4,4,1,5,6,7,5,1,1,5,2,7,7,7,6,7,4,3,7
"594",159,157,32,6,4,4,5,4,1,3,6,4,2,5,2,6,7,5,2,1,7,6,7,7,7,4,7,6,6,7
"595",159,158,32,6,2,3,6,2,1,2,6,4,3,5,3,7,7,6,1,1,6,7,7,7,7,6,7,5,5,7
"596",159,160,32,5,2,3,5,1,1,1,6,4,3,2,4,5,4,2,1,1,5,5,7,7,7,6,7,5,4,7
"597",160,156,32,7,1,2,4,2,2,1,6,3,6,2,6,6,7,5,1,1,3,3,5,7,7,7,6,2,2,7
"598",160,157,32,7,1,4,5,1,1,2,7,2,6,2,3,6,7,6,1,1,5,5,5,7,7,7,7,2,5,7
"599",160,158,32,7,2,4,7,3,1,3,6,4,5,4,3,7,7,6,1,1,6,5,6,7,7,6,7,3,5,7
"600",160,159,32,7,2,7,7,3,1,2,7,6,5,2,3,7,7,7,1,1,6,5,7,7,7,6,7,3,5,7
