"","X","rater_id","rated_ID","Group","R1","R2","R3","R4","R5","R6","R7","R8","R9","R10","R11","R12","R13","R14","R15","R16","R17","R18","R19","R20","R21","R22","R2rev","R6rev","R10rev","R12rev","R17rev","Psum","Pprop","Dsum","Dprop","prestigeMean","dominanceMean"
"1",1,6,7,2,6,2,3,6,4,1,2,6,4,2,4,2,5,6,7,1,1,7,5,6,7,7,6,7,6,6,7,56,0.87037037037037,30,0.458333333333333,6.22222222222222,3.75
"2",2,6,8,2,4,2,1,4,1,2,1,5,2,7,2,2,5,6,4,1,1,3,3,5,7,7,6,6,1,6,7,47,0.703703703703704,15,0.145833333333333,5.22222222222222,1.875
"3",3,6,9,2,4,1,1,3,1,5,1,4,1,7,1,3,4,4,2,1,1,2,2,3,7,7,7,3,1,5,7,38,0.537037037037037,12,0.0833333333333333,4.22222222222222,1.5
"4",4,6,10,2,4,1,1,3,2,2,1,3,2,5,1,4,3,3,2,1,1,3,2,4,7,7,7,6,3,4,7,38,0.537037037037037,15,0.145833333333333,4.22222222222222,1.875
"5",5,7,6,2,4,2,3,4,3,3,3,5,3,3,3,3,4,4,4,1,1,4,4,5,7,7,6,5,5,5,7,43,0.62962962962963,26,0.375,4.77777777777778,3.25
"6",6,7,8,2,5,2,2,5,2,1,2,5,2,3,2,2,5,5,4,1,1,5,4,4,7,7,6,7,5,6,7,49,0.740740740740741,22,0.291666666666667,5.44444444444444,2.75
"7",7,7,9,2,4,1,1,3,1,2,2,4,2,2,2,2,4,2,2,1,1,3,3,3,5,5,7,6,6,6,7,39,0.555555555555556,21,0.270833333333333,4.33333333333333,2.625
"8",8,7,10,2,4,2,4,3,4,2,2,4,3,5,3,3,4,1,2,1,2,3,3,3,4,4,6,6,3,5,6,36,0.5,25,0.354166666666667,4,3.125
"9",9,8,6,2,7,1,5,6,4,1,4,7,5,3,6,4,7,7,7,4,2,6,6,6,7,7,7,7,5,4,6,61,0.962962962962963,37,0.604166666666667,6.77777777777778,4.625
"10",10,8,7,2,6,2,4,5,3,2,3,6,5,2,5,3,6,6,7,2,2,6,5,6,7,7,6,6,6,5,6,54,0.833333333333333,33,0.520833333333333,6,4.125
"11",11,8,9,2,5,2,1,5,2,3,2,5,2,6,3,5,6,5,5,1,2,3,2,5,6,6,6,5,2,3,6,48,0.722222222222222,16,0.166666666666667,5.33333333333333,2
"12",12,8,10,2,2,2,2,3,3,4,2,3,2,6,2,5,5,4,3,2,2,3,1,4,6,6,6,4,2,3,6,36,0.5,18,0.208333333333333,4,2.25
"13",13,9,6,2,7,1,4,7,3,1,1,7,3,3,2,3,7,7,6,1,1,6,7,6,7,7,7,7,5,5,7,62,0.981481481481482,24,0.333333333333333,6.88888888888889,3
"14",14,9,7,2,6,2,2,4,2,1,1,7,1,3,2,3,6,4,4,1,1,4,6,5,6,7,6,7,5,5,7,51,0.777777777777778,19,0.229166666666667,5.66666666666667,2.375
"15",15,9,8,2,4,3,2,4,3,1,1,6,3,2,3,2,6,6,5,1,1,4,4,6,7,7,5,7,6,6,7,50,0.759259259259259,25,0.354166666666667,5.55555555555556,3.125
"16",16,9,10,2,6,2,1,4,1,1,1,6,1,2,2,2,5,3,4,1,1,4,1,4,7,7,6,7,6,6,7,48,0.722222222222222,19,0.229166666666667,5.33333333333333,2.375
"17",17,10,6,2,6,1,4,5,3,2,1,6,3,1,2,4,5,6,7,1,1,6,6,6,7,7,7,6,7,4,7,55,0.851851851851852,25,0.354166666666667,6.11111111111111,3.125
"18",18,10,7,2,5,3,2,4,2,2,2,6,3,2,4,4,5,5,5,2,2,5,3,5,5,5,5,6,6,4,6,47,0.703703703703704,25,0.354166666666667,5.22222222222222,3.125
"19",19,10,8,2,5,2,2,5,2,2,1,5,2,6,2,6,4,5,5,2,2,5,2,3,6,5,6,6,2,2,6,47,0.703703703703704,15,0.145833333333333,5.22222222222222,1.875
"20",20,10,9,2,5,5,2,4,1,3,1,6,2,6,2,5,4,3,3,1,1,2,2,2,7,7,3,5,2,3,7,40,0.574074074074074,14,0.125,4.44444444444444,1.75
"21",21,11,12,3,7,1,1,6,1,1,1,7,1,2,1,5,7,6,6,1,1,4,4,7,7,7,7,7,6,3,7,60,0.944444444444444,15,0.145833333333333,6.66666666666667,1.875
"22",22,11,13,3,6,2,2,6,4,2,2,6,2,3,5,3,7,7,5,1,2,6,7,7,7,6,6,6,5,5,6,55,0.851851851851852,26,0.375,6.11111111111111,3.25
"23",23,11,14,3,7,1,4,6,3,1,2,7,2,2,2,2,7,7,7,1,1,5,5,7,7,7,7,7,6,6,7,62,0.981481481481482,26,0.375,6.88888888888889,3.25
"24",24,11,15,3,7,1,1,6,1,1,1,7,1,2,1,4,7,6,6,1,1,6,6,7,7,7,7,7,6,4,7,60,0.944444444444444,16,0.166666666666667,6.66666666666667,2
"25",25,12,11,3,7,1,1,2,1,1,1,4,1,6,1,7,6,7,6,1,1,3,4,2,7,7,7,7,2,1,7,53,0.814814814814815,9,0.0208333333333333,5.88888888888889,1.125
"26",26,12,13,3,4,6,7,2,7,6,7,2,2,1,3,4,2,4,2,1,7,2,7,3,4,1,2,2,7,4,1,21,0.222222222222222,38,0.625,2.33333333333333,4.75
"27",27,12,14,3,6,2,1,6,4,2,1,6,3,1,4,2,5,7,7,1,2,7,5,5,7,7,6,6,7,6,6,55,0.851851851851852,27,0.395833333333333,6.11111111111111,3.375
"28",28,12,15,3,5,1,3,5,6,4,7,5,6,1,4,5,1,3,5,5,2,6,6,7,7,7,7,4,7,3,6,41,0.592592592592593,41,0.6875,4.55555555555556,5.125
"29",29,13,11,3,6,1,4,5,3,1,1,7,4,7,5,5,7,7,7,1,1,4,3,5,7,7,7,7,1,3,7,60,0.944444444444444,22,0.291666666666667,6.66666666666667,2.75
"30",30,13,12,3,5,1,2,5,2,1,1,6,3,5,4,4,6,6,6,1,1,4,4,5,7,7,7,7,3,4,7,55,0.851851851851852,20,0.25,6.11111111111111,2.5
"31",31,13,14,3,6,1,6,5,7,2,3,6,6,3,5,5,6,7,7,1,1,5,5,6,7,7,7,6,5,3,7,57,0.888888888888889,36,0.583333333333333,6.33333333333333,4.5
"32",32,13,15,3,4,4,5,5,6,3,6,4,6,1,6,2,6,6,6,4,4,7,6,6,4,5,4,5,7,6,4,44,0.648148148148148,46,0.791666666666667,4.88888888888889,5.75
"33",33,14,11,3,6,4,1,2,1,5,1,6,1,1,1,2,6,7,5,1,1,4,1,5,6,6,4,3,7,6,7,46,0.685185185185185,19,0.229166666666667,5.11111111111111,2.375
"34",34,14,12,3,5,4,3,5,2,1,1,6,1,5,1,4,5,6,6,1,1,2,2,4,6,6,4,7,3,4,7,51,0.777777777777778,16,0.166666666666667,5.66666666666667,2
"35",35,14,13,3,3,4,4,1,2,4,2,2,1,4,5,4,4,6,4,1,6,6,6,4,6,4,4,4,4,4,2,30,0.388888888888889,23,0.3125,3.33333333333333,2.875
"36",36,14,15,3,4,4,4,2,4,2,3,4,2,4,4,4,6,6,5,3,3,4,3,4,6,6,4,6,4,4,5,42,0.611111111111111,28,0.416666666666667,4.66666666666667,3.5
"37",37,15,11,3,7,1,1,5,1,1,2,7,3,6,3,5,7,7,6,1,1,5,3,6,7,7,7,7,2,3,7,60,0.944444444444444,16,0.166666666666667,6.66666666666667,2
"38",38,15,12,3,7,1,1,6,1,1,1,7,2,6,3,6,7,7,7,1,1,4,2,6,7,7,7,7,2,2,7,62,0.981481481481482,13,0.104166666666667,6.88888888888889,1.625
"39",39,15,13,3,5,5,3,6,2,2,3,6,2,4,3,5,6,7,7,1,3,6,7,6,6,5,3,6,4,3,5,51,0.777777777777778,21,0.270833333333333,5.66666666666667,2.625
"40",40,15,14,3,7,3,4,6,3,1,3,6,3,3,3,2,6,7,7,2,2,6,5,6,7,7,5,7,5,6,6,57,0.888888888888889,29,0.4375,6.33333333333333,3.625
"41",41,16,17,4,6,1,1,4,1,1,1,6,1,4,1,4,7,6,5,1,1,4,1,4,6,6,7,7,4,4,7,55,0.851851851851852,14,0.125,6.11111111111111,1.75
"42",42,16,18,4,7,1,1,4,1,1,1,7,1,4,1,2,6,5,6,1,1,5,1,7,7,7,7,7,4,6,7,56,0.87037037037037,16,0.166666666666667,6.22222222222222,2
"43",43,16,19,4,4,1,1,4,1,1,1,6,1,2,1,1,6,4,5,1,1,4,2,7,6,6,7,7,6,7,7,50,0.759259259259259,19,0.229166666666667,5.55555555555556,2.375
"44",44,16,20,4,7,1,5,7,5,1,1,7,2,1,1,1,7,7,6,1,1,7,7,7,7,7,7,7,7,7,7,62,0.981481481481482,29,0.4375,6.88888888888889,3.625
"45",45,17,16,4,7,1,2,4,2,1,1,6,1,1,1,5,4,3,3,1,1,4,4,5,6,6,7,7,7,3,7,48,0.722222222222222,18,0.208333333333333,5.33333333333333,2.25
"46",46,17,18,4,6,5,4,4,4,3,1,5,2,3,4,4,3,4,4,2,1,1,1,2,5,5,3,5,5,4,7,41,0.592592592592593,26,0.375,4.55555555555556,3.25
"47",47,17,19,4,6,1,1,1,1,1,1,5,1,2,1,4,2,3,3,1,1,3,2,2,6,6,7,7,6,4,7,41,0.592592592592593,16,0.166666666666667,4.55555555555556,2
"48",48,17,20,4,6,2,3,4,2,2,1,6,2,2,2,3,3,5,5,1,1,5,5,5,6,6,6,6,6,5,7,48,0.722222222222222,22,0.291666666666667,5.33333333333333,2.75
"49",49,18,16,4,6,2,1,4,2,2,2,6,1,6,1,6,6,5,5,1,1,5,5,5,7,7,6,6,2,2,7,51,0.777777777777778,12,0.0833333333333333,5.66666666666667,1.5
"50",50,18,17,4,6,1,1,4,1,1,1,6,1,5,2,1,7,7,6,1,1,4,4,5,7,7,7,7,3,7,7,57,0.888888888888889,17,0.1875,6.33333333333333,2.125
"51",51,18,19,4,5,1,1,1,1,1,1,6,1,6,1,1,6,5,5,1,1,4,3,4,7,7,7,7,2,7,7,49,0.740740740740741,15,0.145833333333333,5.44444444444444,1.875
"52",52,18,20,4,6,1,1,3,1,1,1,6,1,5,1,7,6,6,5,1,1,5,5,5,7,7,7,7,3,1,7,53,0.814814814814815,10,0.0416666666666667,5.88888888888889,1.25
"57",57,20,16,4,6,1,2,3,2,1,1,6,1,3,1,6,6,7,5,1,1,6,6,6,7,7,7,7,5,2,7,54,0.833333333333333,15,0.145833333333333,6,1.875
"58",58,20,17,4,6,1,1,5,1,1,1,6,1,5,1,5,5,5,5,1,1,3,2,3,7,7,7,7,3,3,7,53,0.814814814814815,12,0.0833333333333333,5.88888888888889,1.5
"59",59,20,18,4,7,1,1,4,1,1,1,6,1,3,1,6,6,6,6,1,1,6,5,6,7,7,7,7,5,2,7,56,0.87037037037037,13,0.104166666666667,6.22222222222222,1.625
"60",60,20,19,4,6,1,1,4,1,1,1,5,1,4,1,5,5,5,5,1,1,4,4,4,7,7,7,7,4,3,7,51,0.777777777777778,13,0.104166666666667,5.66666666666667,1.625
"61",61,21,22,5,6,4,6,6,4,1,1,6,4,4,4,3,7,6,6,1,1,5,4,4,7,7,4,7,4,5,7,55,0.851851851851852,29,0.4375,6.11111111111111,3.625
"62",62,21,23,5,6,1,2,4,2,2,1,6,4,6,3,5,6,7,5,1,1,4,4,5,7,7,7,6,2,3,7,54,0.833333333333333,18,0.208333333333333,6,2.25
"63",63,21,24,5,7,4,2,4,1,1,1,6,1,4,2,5,4,6,5,1,1,4,4,4,7,7,4,7,4,3,7,50,0.759259259259259,15,0.145833333333333,5.55555555555556,1.875
"64",64,21,25,5,5,4,5,6,4,5,1,6,3,5,4,5,6,6,6,1,1,4,4,5,7,7,4,3,3,3,7,49,0.740740740740741,24,0.333333333333333,5.44444444444444,3
"65",65,22,21,5,7,2,4,6,3,1,1,6,3,2,1,1,6,6,6,1,1,7,7,6,7,7,6,7,6,7,7,57,0.888888888888889,26,0.375,6.33333333333333,3.25
"66",66,22,23,5,4,4,1,1,1,2,1,5,1,1,1,7,5,4,2,1,1,3,3,4,7,7,4,6,7,1,7,38,0.537037037037037,14,0.125,4.22222222222222,1.75
"67",67,22,24,5,6,1,1,4,1,1,1,6,1,6,1,6,7,7,7,1,1,7,5,6,7,7,7,7,2,2,7,58,0.907407407407407,10,0.0416666666666667,6.44444444444444,1.25
"69",69,23,21,5,6,1,5,6,4,1,3,6,4,3,2,3,6,6,6,2,2,4,6,5,6,6,7,7,5,5,6,56,0.87037037037037,30,0.458333333333333,6.22222222222222,3.75
"70",70,23,22,5,6,2,5,6,5,2,3,6,5,2,3,2,6,6,5,3,2,4,4,5,6,6,6,6,6,6,6,53,0.814814814814815,36,0.583333333333333,5.88888888888889,4.5
"71",71,23,24,5,6,2,4,6,3,2,2,6,3,3,3,3,6,6,5,2,2,5,4,6,6,6,6,6,5,5,6,53,0.814814814814815,27,0.395833333333333,5.88888888888889,3.375
"72",72,23,25,5,4,3,5,4,5,3,3,4,5,3,4,2,4,5,4,3,4,4,4,5,5,4,5,5,5,6,4,39,0.555555555555556,36,0.583333333333333,4.33333333333333,4.5
"74",74,24,22,5,7,1,7,7,3,1,2,7,7,1,7,1,7,7,7,1,1,7,6,7,7,7,7,7,7,7,7,63,1,41,0.6875,7,5.125
"75",75,24,23,5,5,1,4,5,3,1,1,5,1,2,2,6,4,4,4,1,1,4,3,4,7,7,7,7,6,2,7,48,0.722222222222222,20,0.25,5.33333333333333,2.5
"76",76,24,25,5,4,1,4,5,3,1,1,6,3,1,1,1,4,5,6,1,1,5,2,5,7,7,7,7,7,7,7,51,0.777777777777778,27,0.395833333333333,5.66666666666667,3.375
"77",77,25,21,5,7,1,1,5,1,1,1,6,2,1,1,2,6,6,6,1,1,2,2,2,6,6,7,7,7,6,7,57,0.888888888888889,20,0.25,6.33333333333333,2.5
"78",78,25,22,5,6,1,1,2,1,2,1,6,2,6,2,2,7,6,6,1,1,2,2,2,7,7,7,6,2,6,7,53,0.814814814814815,16,0.166666666666667,5.88888888888889,2
"79",79,25,23,5,4,4,1,2,1,1,1,5,2,6,2,4,6,6,5,1,1,6,1,3,5,5,4,7,2,4,7,46,0.685185185185185,14,0.125,5.11111111111111,1.75
"80",80,25,24,5,5,2,1,1,1,1,1,3,1,5,1,1,5,5,5,1,1,1,2,3,5,5,6,7,3,7,7,44,0.648148148148148,16,0.166666666666667,4.88888888888889,2
"82",82,26,28,6,4,4,4,4,4,4,4,4,4,4,4,4,4,4,4,4,4,4,1,7,7,7,4,4,4,4,4,36,0.5,32,0.5,4,4
"83",83,26,29,6,6,1,1,1,1,1,1,7,1,5,1,1,7,7,6,1,1,7,7,7,7,7,7,7,3,7,7,55,0.851851851851852,16,0.166666666666667,6.11111111111111,2
"84",84,26,30,6,7,6,1,3,1,1,1,7,1,5,1,7,7,7,7,1,1,7,7,7,7,7,2,7,3,1,7,54,0.833333333333333,10,0.0416666666666667,6,1.25
"89",89,28,26,6,5,3,4,5,3,3,5,6,4,5,3,4,6,6,6,2,2,6,5,6,6,5,5,5,3,4,6,50,0.759259259259259,28,0.416666666666667,5.55555555555556,3.5
"90",90,28,27,6,5,3,3,4,4,3,3,6,3,2,2,3,5,5,5,2,2,4,4,5,5,5,5,5,6,5,6,46,0.685185185185185,28,0.416666666666667,5.11111111111111,3.5
"91",91,28,29,6,5,3,3,5,3,3,3,5,3,4,3,4,5,5,5,2,2,2,4,3,5,5,5,5,4,4,6,46,0.685185185185185,25,0.354166666666667,5.11111111111111,3.125
"92",92,28,30,6,5,4,5,5,5,4,4,5,5,3,4,4,6,4,4,5,3,4,3,3,6,5,4,4,5,4,5,42,0.611111111111111,37,0.604166666666667,4.66666666666667,4.625
"93",93,29,26,6,4,5,3,1,1,1,1,5,1,6,1,4,4,6,4,1,1,4,5,6,6,6,3,7,2,4,7,41,0.592592592592593,14,0.125,4.55555555555556,1.75
"94",94,29,27,6,2,2,2,2,2,1,1,1,1,4,1,7,1,1,1,1,1,3,4,6,7,7,6,7,4,1,7,28,0.351851851851852,13,0.104166666666667,3.11111111111111,1.625
"95",95,29,28,6,3,1,1,1,1,1,1,3,1,7,1,4,4,4,3,1,1,2,2,4,6,6,7,7,1,4,7,39,0.555555555555556,11,0.0625,4.33333333333333,1.375
"96",96,29,30,6,7,1,1,1,1,1,1,7,1,6,1,6,7,7,4,1,1,6,4,6,6,6,7,7,2,2,7,54,0.833333333333333,10,0.0416666666666667,6,1.25
"105",105,32,31,7,6,3,6,5,6,5,5,6,6,3,6,2,6,6,6,5,3,6,6,7,5,4,5,3,5,6,5,48,0.722222222222222,45,0.770833333333333,5.33333333333333,5.625
"106",106,32,33,7,5,2,1,4,1,3,1,3,1,2,1,1,3,3,1,1,6,3,2,1,6,6,6,5,6,7,2,32,0.425925925925926,19,0.229166666666667,3.55555555555556,2.375
"107",107,32,34,7,4,5,1,3,1,4,1,3,1,7,1,7,3,2,1,1,2,1,1,2,5,5,3,4,1,1,6,29,0.37037037037037,8,0,3.22222222222222,1
"108",108,32,35,7,4,2,1,4,1,2,1,4,1,4,1,2,4,2,2,1,2,1,1,3,5,4,6,6,4,6,6,38,0.537037037037037,16,0.166666666666667,4.22222222222222,2
"109",109,33,31,7,7,5,4,5,4,1,3,7,3,3,3,4,6,7,6,6,2,7,7,7,7,6,3,7,5,4,6,54,0.833333333333333,32,0.5,6,4
"111",111,33,34,7,4,3,6,4,7,3,7,2,6,5,5,2,2,3,1,1,2,3,2,2,5,2,5,5,3,6,6,32,0.425925925925926,41,0.6875,3.55555555555556,5.125
"112",112,33,35,7,7,5,1,7,1,1,1,7,1,2,5,2,7,7,7,1,1,7,5,6,7,7,3,7,6,6,7,59,0.925925925925926,22,0.291666666666667,6.55555555555556,2.75
"113",113,34,31,7,7,1,6,7,1,1,1,7,1,7,1,4,7,7,7,1,1,7,7,7,7,7,7,7,1,4,7,63,1,16,0.166666666666667,7,2
"114",114,34,32,7,7,1,4,6,1,1,1,7,1,1,1,6,7,7,5,1,1,4,4,6,7,7,7,7,7,2,7,60,0.944444444444444,18,0.208333333333333,6.66666666666667,2.25
"115",115,34,33,7,7,1,4,4,1,1,1,5,4,3,1,4,7,7,5,1,1,6,1,7,7,7,7,7,5,4,7,56,0.87037037037037,21,0.270833333333333,6.22222222222222,2.625
"116",116,34,35,7,7,1,6,6,1,1,1,7,4,1,1,7,7,7,7,1,1,7,1,7,7,7,7,7,7,1,7,62,0.981481481481482,22,0.291666666666667,6.88888888888889,2.75
"117",117,35,31,7,4,4,6,4,7,2,5,4,6,1,5,1,6,7,4,4,5,6,7,4,4,3,4,6,7,7,3,42,0.611111111111111,47,0.8125,4.66666666666667,5.875
"118",118,35,32,7,4,2,1,4,2,1,1,4,2,3,1,6,5,4,4,1,1,4,2,6,6,6,6,7,5,2,7,45,0.666666666666667,15,0.145833333333333,5,1.875
"119",119,35,33,7,4,2,4,3,4,4,4,4,4,4,5,4,5,4,4,1,1,4,1,5,6,6,6,4,4,4,7,41,0.592592592592593,30,0.458333333333333,4.55555555555556,3.75
"120",120,35,34,7,4,4,4,3,4,5,4,4,4,4,4,4,4,4,4,2,2,2,1,3,5,6,4,3,4,4,6,36,0.5,30,0.458333333333333,4,3.75
"121",121,36,37,8,5,3,4,5,4,3,3,4,4,2,4,2,5,4,4,4,3,5,4,5,7,4,5,5,6,6,5,42,0.611111111111111,35,0.5625,4.66666666666667,4.375
"122",122,36,38,8,4,2,2,3,2,4,2,5,2,6,2,6,3,2,3,1,2,2,2,3,6,4,6,4,2,2,6,36,0.5,15,0.145833333333333,4,1.875
"123",123,36,39,8,5,2,4,4,3,2,2,5,2,4,3,4,5,5,5,2,2,6,6,5,6,5,6,6,4,4,6,47,0.703703703703704,24,0.333333333333333,5.22222222222222,3
"124",124,36,40,8,3,6,4,3,2,5,2,3,3,2,2,4,4,3,2,2,4,3,3,3,4,2,2,3,6,4,4,27,0.333333333333333,25,0.354166666666667,3,3.125
"125",125,37,36,8,5,1,1,2,2,2,1,4,2,3,1,2,4,4,3,1,1,3,4,4,7,5,7,6,5,6,7,42,0.611111111111111,19,0.229166666666667,4.66666666666667,2.375
"126",126,37,38,8,4,2,1,1,1,6,1,5,1,2,2,6,4,4,4,1,1,3,2,5,5,5,6,2,6,2,7,37,0.518518518518518,15,0.145833333333333,4.11111111111111,1.875
"127",127,37,39,8,6,2,2,2,2,1,1,6,3,2,2,2,5,5,6,1,1,5,7,6,4,4,6,7,6,6,7,50,0.759259259259259,23,0.3125,5.55555555555556,2.875
"128",128,37,40,8,3,5,3,2,2,3,3,1,2,4,2,2,3,2,3,2,5,2,2,2,3,1,3,5,4,6,3,25,0.296296296296296,24,0.333333333333333,2.77777777777778,3
"129",129,38,36,8,6,2,2,4,2,2,1,6,4,4,1,4,6,6,4,1,1,6,4,6,7,7,6,6,4,4,7,51,0.777777777777778,19,0.229166666666667,5.66666666666667,2.375
"130",130,38,37,8,6,2,2,4,1,1,1,6,1,2,1,6,6,6,4,1,1,3,2,4,7,7,6,7,6,2,7,52,0.796296296296296,15,0.145833333333333,5.77777777777778,1.875
"131",131,38,39,8,7,2,2,7,2,1,1,7,2,4,4,4,7,7,6,1,1,5,7,6,7,7,6,7,4,4,7,61,0.962962962962963,20,0.25,6.77777777777778,2.5
"132",132,38,40,8,2,3,1,4,2,4,1,1,1,3,4,4,4,2,1,1,3,1,1,4,7,7,5,4,5,4,5,28,0.351851851851852,19,0.229166666666667,3.11111111111111,2.375
"133",133,39,36,8,5,2,2,4,2,1,1,7,1,2,1,2,5,6,4,1,1,7,6,7,7,7,6,7,6,6,7,51,0.777777777777778,20,0.25,5.66666666666667,2.5
"134",134,39,37,8,7,1,1,5,1,1,1,7,1,6,1,3,6,6,5,1,1,6,5,6,7,7,7,7,2,5,7,57,0.888888888888889,13,0.104166666666667,6.33333333333333,1.625
"135",135,39,38,8,4,1,1,4,1,1,1,5,1,5,1,2,4,4,4,1,1,3,3,3,7,7,7,7,3,6,7,46,0.685185185185185,15,0.145833333333333,5.11111111111111,1.875
"136",136,39,40,8,6,1,1,4,1,1,1,5,1,5,1,2,5,4,4,1,1,4,3,4,7,7,7,7,3,6,7,49,0.740740740740741,15,0.145833333333333,5.44444444444444,1.875
"137",137,40,36,8,6,1,2,4,3,1,1,5,3,6,2,6,6,6,4,1,1,6,6,1,2,2,7,7,2,2,7,52,0.796296296296296,16,0.166666666666667,5.77777777777778,2
"138",138,40,37,8,6,2,2,4,2,2,2,6,2,5,2,5,6,6,6,2,1,6,5,7,6,6,6,6,3,3,7,53,0.814814814814815,18,0.208333333333333,5.88888888888889,2.25
"139",139,40,38,8,5,1,1,3,1,3,1,4,1,7,1,7,6,7,3,1,1,2,2,4,7,7,7,5,1,1,7,47,0.703703703703704,8,0,5.22222222222222,1
"140",140,40,39,8,7,1,5,5,4,1,4,7,5,4,5,3,7,7,7,4,1,7,7,7,7,7,7,7,4,5,7,61,0.962962962962963,36,0.583333333333333,6.77777777777778,4.5
"141",141,41,42,9,7,5,3,5,2,1,1,6,2,6,2,4,4,4,4,1,2,6,2,7,7,7,3,7,2,4,6,46,0.685185185185185,17,0.1875,5.11111111111111,2.125
"142",142,41,43,9,7,1,2,5,1,1,1,5,1,3,1,6,4,4,3,1,4,7,4,7,7,7,7,7,5,2,4,46,0.685185185185185,14,0.125,5.11111111111111,1.75
"143",143,41,44,9,7,1,1,4,1,1,1,7,1,4,1,2,4,4,4,1,1,7,7,7,7,7,7,7,4,6,7,51,0.777777777777778,16,0.166666666666667,5.66666666666667,2
"144",144,41,45,9,7,1,2,4,1,1,1,7,2,7,1,2,4,4,4,1,1,7,7,7,7,7,7,7,1,6,7,51,0.777777777777778,15,0.145833333333333,5.66666666666667,1.875
"145",145,42,41,9,5,1,2,4,5,1,2,5,4,4,1,1,6,6,5,1,1,4,3,4,7,7,7,7,4,7,7,52,0.796296296296296,26,0.375,5.77777777777778,3.25
"146",146,42,43,9,4,1,1,1,1,1,1,6,3,4,3,2,4,4,2,1,1,3,4,4,7,7,7,7,4,6,7,42,0.611111111111111,20,0.25,4.66666666666667,2.5
"147",147,42,44,9,6,1,3,4,3,2,1,7,4,4,2,4,6,6,7,1,1,6,5,6,7,7,7,6,4,4,7,56,0.87037037037037,22,0.291666666666667,6.22222222222222,2.75
"148",148,42,45,9,7,1,4,4,3,1,1,6,4,4,1,3,5,6,6,1,1,5,5,5,7,7,7,7,4,5,7,55,0.851851851851852,23,0.3125,6.11111111111111,2.875
"150",150,43,42,9,6,5,3,4,2,2,2,6,2,2,2,3,6,6,6,2,4,4,3,5,6,5,3,6,6,5,4,47,0.703703703703704,24,0.333333333333333,5.22222222222222,3
"151",151,43,44,9,6,3,3,4,2,2,2,6,4,5,3,5,5,5,5,2,2,5,5,6,6,6,5,6,3,3,6,48,0.722222222222222,22,0.291666666666667,5.33333333333333,2.75
"152",152,43,45,9,6,2,2,6,2,2,2,5,2,4,2,3,6,6,6,2,2,5,5,5,6,6,6,6,4,5,6,53,0.814814814814815,21,0.270833333333333,5.88888888888889,2.625
"153",153,44,41,9,5,2,4,5,4,3,3,5,3,3,3,3,5,5,6,1,4,5,4,6,6,6,6,5,5,5,4,46,0.685185185185185,28,0.416666666666667,5.11111111111111,3.5
"154",154,44,42,9,5,2,6,6,6,2,5,5,5,5,3,3,5,6,5,3,5,4,4,5,6,4,6,6,3,5,3,47,0.703703703703704,36,0.583333333333333,5.22222222222222,4.5
"155",155,44,43,9,4,2,5,5,6,4,6,4,6,1,5,2,3,5,5,5,5,4,3,5,6,6,6,4,7,6,3,39,0.555555555555556,46,0.791666666666667,4.33333333333333,5.75
"156",156,44,45,9,6,1,5,6,3,2,1,6,2,3,2,5,6,6,6,3,1,6,5,7,7,7,7,6,5,3,7,56,0.87037037037037,24,0.333333333333333,6.22222222222222,3
"157",157,45,41,9,5,2,3,5,2,2,2,5,2,4,2,5,4,5,5,2,2,5,2,5,6,6,6,6,4,3,6,47,0.703703703703704,20,0.25,5.22222222222222,2.5
"159",159,45,43,9,5,4,5,4,4,2,3,4,3,2,5,2,4,5,4,2,4,4,2,5,4,5,4,6,6,6,4,40,0.574074074074074,34,0.541666666666667,4.44444444444444,4.25
"160",160,45,44,9,3,3,4,3,2,3,2,4,3,5,4,3,4,5,4,2,2,5,5,5,4,5,5,5,3,5,6,39,0.555555555555556,25,0.354166666666667,4.33333333333333,3.125
"164",164,46,50,10,7,1,2,5,1,1,1,6,1,6,1,6,7,7,7,1,1,5,4,7,7,7,7,7,2,2,7,60,0.944444444444444,11,0.0625,6.66666666666667,1.375
"165",165,47,46,10,6,2,6,5,5,2,3,6,4,3,3,3,5,7,7,3,1,6,5,5,7,7,6,6,5,5,7,55,0.851851851851852,34,0.541666666666667,6.11111111111111,4.25
"166",166,47,48,10,6,2,3,3,3,2,2,5,4,4,2,4,5,5,5,2,2,3,3,3,6,6,6,6,4,4,6,47,0.703703703703704,24,0.333333333333333,5.22222222222222,3
"167",167,47,49,10,7,1,5,6,4,1,2,7,5,2,2,3,7,7,7,3,1,6,5,6,7,7,7,7,6,5,7,62,0.981481481481482,32,0.5,6.88888888888889,4
"168",168,47,50,10,5,2,2,3,4,2,2,6,3,4,3,4,6,6,6,2,1,4,4,4,6,6,6,6,4,4,7,51,0.777777777777778,24,0.333333333333333,5.66666666666667,3
"169",169,48,46,10,7,1,1,4,1,1,1,6,1,1,1,2,6,4,4,1,1,4,4,4,4,4,7,7,7,6,7,52,0.796296296296296,19,0.229166666666667,5.77777777777778,2.375
"170",170,48,47,10,7,1,1,2,1,1,1,6,1,7,1,1,4,4,7,1,1,7,7,7,7,7,7,7,1,7,7,51,0.777777777777778,14,0.125,5.66666666666667,1.75
"171",171,48,49,10,5,1,1,2,1,1,1,6,1,1,1,1,5,4,4,1,1,4,4,4,4,4,7,7,7,7,7,47,0.703703703703704,20,0.25,5.22222222222222,2.5
"172",172,48,50,10,7,1,1,2,1,1,1,6,1,7,1,1,4,4,4,1,1,6,6,6,6,6,7,7,1,7,7,48,0.722222222222222,14,0.125,5.33333333333333,1.75
"176",176,49,50,10,5,4,4,5,5,5,4,5,4,4,5,5,5,4,4,3,4,5,5,5,4,5,4,3,4,3,4,39,0.555555555555556,32,0.5,4.33333333333333,4
"181",181,56,57,12,7,1,2,5,1,1,1,6,1,1,1,4,6,6,4,1,1,5,3,6,7,7,7,7,7,4,7,55,0.851851851851852,18,0.208333333333333,6.11111111111111,2.25
"182",182,56,58,12,7,1,5,6,3,1,1,7,3,2,4,3,7,7,7,1,1,6,6,7,7,7,7,7,6,5,7,62,0.981481481481482,28,0.416666666666667,6.88888888888889,3.5
"183",183,56,59,12,7,1,6,7,5,1,1,7,6,1,5,1,7,7,7,1,1,7,6,7,7,7,7,7,7,7,7,63,1,38,0.625,7,4.75
"184",184,56,60,12,7,1,5,7,4,1,1,7,6,2,5,1,7,7,7,1,1,7,5,7,7,7,7,7,6,7,7,63,1,35,0.5625,7,4.375
"185",185,57,56,12,7,1,4,1,1,1,1,7,1,2,1,2,6,6,5,1,1,5,4,6,7,7,7,7,6,6,7,53,0.814814814814815,21,0.270833333333333,5.88888888888889,2.625
"186",186,57,58,12,6,1,1,1,1,1,1,6,1,6,1,1,7,7,7,1,1,6,4,6,7,7,7,7,2,7,7,55,0.851851851851852,15,0.145833333333333,6.11111111111111,1.875
"187",187,57,59,12,7,1,2,1,1,1,1,6,1,3,1,1,7,7,6,1,1,6,4,6,7,7,7,7,5,7,7,55,0.851851851851852,19,0.229166666666667,6.11111111111111,2.375
"188",188,57,60,12,7,1,1,1,1,1,1,6,1,2,1,2,7,7,7,1,1,6,4,7,7,7,7,7,6,6,7,56,0.87037037037037,18,0.208333333333333,6.22222222222222,2.25
"189",189,58,56,12,7,1,1,4,1,1,1,7,1,1,1,1,7,7,7,1,1,4,4,6,7,7,7,7,7,7,7,60,0.944444444444444,20,0.25,6.66666666666667,2.5
"190",190,58,57,12,4,1,1,1,1,1,1,4,1,1,1,1,1,1,1,1,1,4,4,7,6,6,7,7,7,7,7,33,0.444444444444444,20,0.25,3.66666666666667,2.5
"191",191,58,59,12,7,1,1,5,1,1,1,7,1,1,1,1,7,7,6,1,1,7,5,7,7,7,7,7,7,7,7,60,0.944444444444444,20,0.25,6.66666666666667,2.5
"192",192,58,60,12,7,1,6,6,1,1,1,7,1,4,1,1,7,6,7,1,1,7,4,6,7,7,7,7,4,7,7,61,0.962962962962963,22,0.291666666666667,6.77777777777778,2.75
"193",193,59,56,12,6,2,4,5,4,3,4,6,3,5,2,4,6,6,7,2,2,5,5,6,7,5,6,5,3,4,6,53,0.814814814814815,26,0.375,5.88888888888889,3.25
"194",194,59,57,12,5,2,3,3,2,4,1,5,2,6,3,3,5,3,3,1,1,3,3,5,6,6,6,4,2,5,7,41,0.592592592592593,19,0.229166666666667,4.55555555555556,2.375
"195",195,59,58,12,6,2,5,5,4,2,2,5,3,2,3,5,6,6,4,1,1,6,4,5,6,6,6,6,6,3,7,51,0.777777777777778,27,0.395833333333333,5.66666666666667,3.375
"196",196,59,60,12,7,1,5,7,5,1,1,7,2,3,2,4,7,7,4,1,1,5,5,5,7,7,7,7,5,4,7,60,0.944444444444444,25,0.354166666666667,6.66666666666667,3.125
"197",197,60,56,12,7,1,2,4,2,1,1,7,1,5,1,1,7,7,5,1,1,6,3,7,7,7,7,7,3,7,7,58,0.907407407407407,18,0.208333333333333,6.44444444444444,2.25
"198",198,60,57,12,5,1,1,4,1,1,1,5,2,3,1,2,6,6,4,1,1,5,4,6,6,6,7,7,5,6,7,51,0.777777777777778,18,0.208333333333333,5.66666666666667,2.25
"199",199,60,58,12,6,1,1,4,1,1,1,7,1,6,1,2,7,7,4,1,1,6,3,6,7,7,7,7,2,6,7,56,0.87037037037037,14,0.125,6.22222222222222,1.75
"200",200,60,59,12,6,1,1,5,1,1,2,6,1,4,1,5,7,7,6,1,1,4,4,6,7,7,7,7,4,3,7,58,0.907407407407407,14,0.125,6.44444444444444,1.75
"201",201,61,62,13,6,5,3,6,2,2,4,6,4,3,4,5,5,6,5,3,2,4,4,5,6,5,3,6,5,3,6,49,0.740740740740741,28,0.416666666666667,5.44444444444444,3.5
"202",202,61,63,13,6,4,5,6,5,2,5,6,5,2,4,4,6,7,6,3,3,5,4,6,5,5,4,6,6,4,5,52,0.796296296296296,37,0.604166666666667,5.77777777777778,4.625
"203",203,61,64,13,5,2,5,5,4,2,4,5,5,3,5,3,5,6,5,2,2,5,6,6,5,5,6,6,5,5,6,49,0.740740740740741,35,0.5625,5.44444444444444,4.375
"204",204,61,65,13,5,5,4,3,3,3,4,4,3,3,3,4,5,5,5,3,3,4,3,6,5,5,3,5,5,4,5,40,0.574074074074074,29,0.4375,4.44444444444444,3.625
"205",205,62,61,13,5,2,2,2,1,2,1,2,1,6,1,3,6,6,5,1,1,4,1,6,6,6,6,6,2,5,7,45,0.666666666666667,14,0.125,5,1.75
"206",206,62,63,13,6,2,2,3,2,2,2,6,2,7,2,6,6,6,5,2,1,4,2,6,6,6,6,6,1,2,7,51,0.777777777777778,15,0.145833333333333,5.66666666666667,1.875
"207",207,62,64,13,4,4,3,3,3,2,2,3,3,3,4,3,4,4,3,3,3,3,5,5,4,4,4,6,5,5,5,36,0.5,28,0.416666666666667,4,3.5
"208",208,62,65,13,4,2,2,3,2,2,1,6,3,6,3,6,6,6,6,2,2,6,3,6,6,6,6,6,2,2,6,49,0.740740740740741,17,0.1875,5.44444444444444,2.125
"209",209,63,61,13,6,2,2,6,1,7,1,7,1,4,4,4,7,7,7,1,1,5,4,7,7,7,6,1,4,4,7,54,0.833333333333333,18,0.208333333333333,6,2.25
"210",210,63,62,13,7,3,3,6,1,1,1,7,1,5,4,5,7,7,7,7,1,5,4,7,7,7,5,7,3,3,7,60,0.944444444444444,23,0.3125,6.66666666666667,2.875
"213",213,64,61,13,5,1,3,3,3,2,1,5,3,6,2,6,4,6,6,1,1,2,1,6,5,5,7,6,2,2,7,49,0.740740740740741,17,0.1875,5.44444444444444,2.125
"214",214,64,62,13,6,1,6,6,6,1,6,6,7,1,4,1,5,5,6,1,1,6,5,6,4,6,7,7,7,7,7,55,0.851851851851852,44,0.75,6.11111111111111,5.5
"215",215,64,63,13,7,1,2,6,1,1,1,7,1,7,3,6,7,7,7,1,1,4,1,6,7,7,7,7,1,2,7,62,0.981481481481482,12,0.0833333333333333,6.88888888888889,1.5
"216",216,64,65,13,7,1,3,6,2,1,1,7,2,5,3,4,7,7,7,1,1,4,2,6,7,7,7,7,3,4,7,62,0.981481481481482,19,0.229166666666667,6.88888888888889,2.375
"217",217,65,61,13,5,3,4,7,5,1,2,5,2,5,4,3,6,7,6,2,1,1,1,3,6,6,5,7,3,5,7,55,0.851851851851852,27,0.395833333333333,6.11111111111111,3.375
"218",218,65,62,13,6,1,2,7,2,2,2,7,2,4,2,4,6,7,6,1,1,4,2,5,7,7,7,6,4,4,7,59,0.925925925925926,19,0.229166666666667,6.55555555555556,2.375
"219",219,65,63,13,6,5,4,7,3,2,2,6,3,5,3,5,6,6,6,1,1,3,1,3,6,6,3,6,3,3,7,53,0.814814814814815,22,0.291666666666667,5.88888888888889,2.75
"220",220,65,64,13,6,5,5,6,5,2,5,6,5,2,4,2,6,6,6,4,2,7,7,6,6,6,3,6,6,6,6,51,0.777777777777778,40,0.666666666666667,5.66666666666667,5
"221",221,66,67,14,6,1,1,5,2,1,1,6,1,1,1,1,5,5,5,1,1,4,3,4,6,6,7,7,7,7,7,53,0.814814814814815,21,0.270833333333333,5.88888888888889,2.625
"234",234,69,67,14,7,1,2,6,2,2,1,6,2,4,4,4,6,6,5,1,1,6,5,6,7,7,7,6,4,4,7,56,0.87037037037037,20,0.25,6.22222222222222,2.5
"236",236,69,70,14,6,6,5,6,4,1,3,5,5,2,5,2,5,6,4,2,2,6,6,6,6,6,2,7,6,6,6,47,0.703703703703704,36,0.583333333333333,5.22222222222222,4.5
"237",237,70,66,14,7,1,4,7,1,1,1,7,1,1,1,4,7,4,4,1,1,4,4,4,7,7,7,7,7,4,7,57,0.888888888888889,20,0.25,6.33333333333333,2.5
"238",238,70,67,14,7,1,4,7,1,1,1,2,1,6,1,4,7,7,7,1,1,7,4,7,7,7,7,7,2,4,7,58,0.907407407407407,15,0.145833333333333,6.44444444444444,1.875
"239",239,70,68,14,7,1,7,7,1,1,1,7,1,1,1,1,7,7,7,1,1,7,1,7,7,7,7,7,7,7,7,63,1,26,0.375,7,3.25
"240",240,70,69,14,7,1,1,7,1,1,1,7,1,4,1,4,7,7,7,1,1,7,1,7,7,7,7,7,4,4,7,63,1,14,0.125,7,1.75
"241",241,71,72,15,6,2,3,4,4,4,2,6,2,5,5,5,6,3,5,1,6,6,6,6,7,7,6,4,3,3,2,42,0.611111111111111,23,0.3125,4.66666666666667,2.875
"243",243,71,74,15,6,6,4,6,5,3,2,6,6,5,5,4,4,4,5,3,3,4,5,6,6,7,2,5,3,4,5,43,0.62962962962963,32,0.5,4.77777777777778,4
"244",244,71,75,15,7,6,4,7,3,4,6,6,6,5,5,4,6,6,5,4,4,6,6,6,7,6,2,4,3,4,4,47,0.703703703703704,35,0.5625,5.22222222222222,4.375
"245",245,72,71,15,6,7,1,4,1,6,1,6,1,7,1,6,5,5,4,1,1,1,1,3,7,7,1,2,1,2,7,40,0.574074074074074,9,0.0208333333333333,4.44444444444444,1.125
"246",246,72,73,15,6,1,1,5,2,1,1,7,3,6,1,2,5,4,6,1,1,3,4,3,7,7,7,7,2,6,7,54,0.833333333333333,17,0.1875,6,2.125
"247",247,72,74,15,5,1,2,4,2,6,1,4,2,6,3,5,4,4,3,1,6,4,5,5,7,7,7,2,2,3,2,35,0.481481481481481,16,0.166666666666667,3.88888888888889,2
"248",248,72,75,15,7,5,1,6,5,1,1,6,1,2,1,7,6,6,5,1,1,7,7,7,7,7,3,7,6,1,7,53,0.814814814814815,17,0.1875,5.88888888888889,2.125
"249",249,73,71,15,3,7,4,4,7,1,7,4,4,7,1,4,1,1,1,1,4,4,4,4,4,4,1,7,1,4,4,26,0.314814814814815,29,0.4375,2.88888888888889,3.625
"250",250,73,72,15,7,1,1,7,1,6,1,7,1,1,1,7,7,7,4,1,1,6,6,6,6,6,7,2,7,1,7,55,0.851851851851852,14,0.125,6.11111111111111,1.75
"254",254,74,72,15,6,1,4,4,1,1,1,6,2,2,1,4,4,7,5,1,1,4,4,5,7,7,7,7,6,4,7,53,0.814814814814815,20,0.25,5.88888888888889,2.5
"255",255,74,73,15,4,2,4,2,2,2,1,5,3,3,1,3,4,2,2,1,1,2,4,4,6,6,6,6,5,5,7,38,0.537037037037037,22,0.291666666666667,4.22222222222222,2.75
"256",256,74,75,15,6,4,4,5,4,1,1,7,5,2,2,2,6,6,6,1,1,6,7,6,7,7,4,7,6,6,7,54,0.833333333333333,29,0.4375,6,3.625
"258",258,75,72,15,7,2,2,6,3,6,2,7,4,5,7,4,7,7,7,2,5,6,6,7,7,7,6,2,3,4,3,52,0.796296296296296,27,0.395833333333333,5.77777777777778,3.375
"259",259,75,73,15,6,6,3,5,2,6,3,6,4,4,4,4,6,7,6,2,6,7,6,3,7,7,2,2,4,4,2,42,0.611111111111111,26,0.375,4.66666666666667,3.25
"260",260,75,74,15,5,6,3,4,2,6,2,6,4,6,5,6,6,6,5,2,2,6,6,6,6,6,2,2,2,2,6,42,0.611111111111111,22,0.291666666666667,4.66666666666667,2.75
"265",265,77,76,16,5,1,1,2,1,1,1,6,1,7,1,7,4,2,3,1,1,4,4,5,6,6,7,7,1,1,7,43,0.62962962962963,8,0,4.77777777777778,1
"266",266,77,78,16,6,1,1,4,1,1,1,4,1,6,1,6,6,7,7,1,1,6,6,6,6,6,7,7,2,2,7,55,0.851851851851852,10,0.0416666666666667,6.11111111111111,1.25
"267",267,77,79,16,4,3,1,3,1,2,1,3,1,7,1,7,1,2,2,1,2,1,1,2,5,5,5,6,1,1,6,32,0.425925925925926,8,0,3.55555555555556,1
"268",268,77,80,16,5,2,4,5,3,1,2,6,3,4,5,3,5,5,5,2,1,6,6,6,6,6,6,7,4,5,7,51,0.777777777777778,28,0.416666666666667,5.66666666666667,3.5
"269",269,78,76,16,6,1,3,6,2,1,1,6,4,1,1,3,5,6,7,1,1,6,6,5,6,7,7,7,7,5,7,57,0.888888888888889,24,0.333333333333333,6.33333333333333,3
"270",270,78,77,16,5,1,4,5,3,1,2,5,4,3,3,2,5,6,5,1,1,5,4,5,5,6,7,7,5,6,7,52,0.796296296296296,28,0.416666666666667,5.77777777777778,3.5
"271",271,78,79,16,6,1,1,6,1,1,1,5,3,7,2,7,6,5,5,1,1,4,5,5,6,7,7,7,1,1,7,54,0.833333333333333,11,0.0625,6,1.375
"272",272,78,80,16,6,1,5,6,4,1,1,7,5,1,3,2,6,7,7,1,1,7,7,7,6,7,7,7,7,6,7,60,0.944444444444444,32,0.5,6.66666666666667,4
"273",273,79,76,16,6,2,3,6,2,2,3,5,3,3,2,3,4,3,2,2,2,4,2,5,7,7,6,6,5,5,6,44,0.648148148148148,25,0.354166666666667,4.88888888888889,3.125
"274",274,79,77,16,6,2,4,5,3,2,3,5,4,3,2,4,5,5,5,2,2,5,5,6,6,6,6,6,5,4,6,49,0.740740740740741,27,0.395833333333333,5.44444444444444,3.375
"275",275,79,78,16,6,2,4,5,2,2,3,6,2,4,2,4,6,6,6,2,2,6,6,6,7,6,6,6,4,4,6,53,0.814814814814815,23,0.3125,5.88888888888889,2.875
"276",276,79,80,16,6,2,4,5,4,2,4,5,4,3,4,4,5,5,5,4,2,6,6,6,5,4,6,6,5,4,6,49,0.740740740740741,33,0.520833333333333,5.44444444444444,4.125
"277",277,80,76,16,5,1,2,4,3,1,1,4,1,5,1,5,3,2,2,1,1,1,1,2,4,3,7,7,3,3,7,41,0.592592592592593,15,0.145833333333333,4.55555555555556,1.875
"278",278,80,77,16,3,1,2,1,1,1,1,3,1,7,1,6,3,2,2,1,1,3,2,4,5,5,7,7,1,2,7,35,0.481481481481481,10,0.0416666666666667,3.88888888888889,1.25
"279",279,80,78,16,5,1,4,2,2,1,1,4,1,4,1,3,5,4,5,1,1,6,6,6,4,6,7,7,4,5,7,46,0.685185185185185,19,0.229166666666667,5.11111111111111,2.375
"280",280,80,79,16,3,1,1,1,1,1,1,2,1,7,1,7,3,2,2,1,1,1,1,1,4,3,7,7,1,1,7,34,0.462962962962963,8,0,3.77777777777778,1
"281",281,81,82,17,5,1,3,5,1,1,2,6,3,2,3,2,3,4,3,2,1,6,4,3,7,7,7,7,6,6,7,47,0.703703703703704,26,0.375,5.22222222222222,3.25
"282",282,81,83,17,3,1,2,2,1,2,1,1,1,7,2,5,1,1,2,1,1,2,1,2,6,3,7,6,1,3,7,30,0.388888888888889,12,0.0833333333333333,3.33333333333333,1.5
"283",283,81,84,17,3,2,3,4,3,2,4,5,4,3,3,3,4,2,2,1,1,4,3,2,4,4,6,6,5,5,7,39,0.555555555555556,28,0.416666666666667,4.33333333333333,3.5
"284",284,81,85,17,5,2,6,5,6,1,6,6,6,1,5,1,5,5,2,4,1,6,7,6,6,6,6,7,7,7,7,48,0.722222222222222,47,0.8125,5.33333333333333,5.875
"285",285,82,81,17,4,1,1,3,1,1,1,5,1,1,3,4,6,7,1,3,2,4,4,6,7,7,7,7,7,4,6,46,0.685185185185185,21,0.270833333333333,5.11111111111111,2.625
"286",286,82,83,17,4,1,2,4,1,1,1,4,1,2,2,1,4,4,4,1,1,5,4,5,7,7,7,7,6,7,7,45,0.666666666666667,21,0.270833333333333,5,2.625
"287",287,82,84,17,4,1,1,4,1,1,1,6,1,5,1,5,5,6,6,1,1,4,4,6,7,7,7,7,3,3,7,52,0.796296296296296,12,0.0833333333333333,5.77777777777778,1.5
"288",288,82,85,17,5,1,6,5,1,1,1,5,1,2,1,3,6,6,6,1,2,5,5,6,5,7,7,7,6,5,6,53,0.814814814814815,22,0.291666666666667,5.88888888888889,2.75
"289",289,83,81,17,4,1,2,5,1,1,1,3,1,7,1,4,5,6,4,1,1,4,4,6,4,5,7,7,1,4,7,48,0.722222222222222,12,0.0833333333333333,5.33333333333333,1.5
"290",290,83,82,17,6,3,1,5,1,1,1,5,1,6,2,4,5,5,5,1,1,5,5,5,7,7,5,7,2,4,7,50,0.759259259259259,13,0.104166666666667,5.55555555555556,1.625
"291",291,83,84,17,6,2,1,5,1,1,2,6,2,7,2,6,4,4,4,1,1,3,3,6,7,7,6,7,1,2,7,49,0.740740740740741,12,0.0833333333333333,5.44444444444444,1.5
"292",292,83,85,17,4,2,3,4,1,1,1,4,1,3,2,3,5,5,5,1,1,6,6,6,5,5,6,7,5,5,7,47,0.703703703703704,19,0.229166666666667,5.22222222222222,2.375
"293",293,84,81,17,4,2,1,3,1,1,1,3,3,2,1,2,6,7,6,1,1,4,5,7,6,5,6,7,6,6,7,49,0.740740740740741,20,0.25,5.44444444444444,2.5
"294",294,84,82,17,7,2,3,5,2,1,2,6,3,2,1,2,7,7,7,1,2,6,5,7,7,7,6,7,6,6,6,58,0.907407407407407,24,0.333333333333333,6.44444444444444,3
"295",295,84,83,17,5,2,1,2,1,2,1,3,1,6,1,6,4,4,4,1,1,4,1,6,7,7,6,6,2,2,7,41,0.592592592592593,10,0.0416666666666667,4.55555555555556,1.25
"296",296,84,85,17,5,2,6,5,6,2,6,5,6,1,5,1,6,7,6,1,2,6,6,6,7,6,6,6,7,7,6,52,0.796296296296296,44,0.75,5.77777777777778,5.5
"297",297,85,81,17,5,2,1,3,1,2,1,4,1,6,1,3,5,5,4,1,1,4,2,6,6,6,6,6,2,5,7,45,0.666666666666667,13,0.104166666666667,5,1.625
"298",298,85,82,17,5,2,4,4,2,1,2,5,3,3,1,4,5,4,5,1,1,5,4,5,5,6,6,7,5,4,7,48,0.722222222222222,22,0.291666666666667,5.33333333333333,2.75
"299",299,85,83,17,3,2,2,2,1,4,1,4,1,6,1,6,3,3,2,1,1,2,2,4,4,4,6,4,2,2,7,34,0.462962962962963,11,0.0625,3.77777777777778,1.375
"300",300,85,84,17,5,1,2,4,1,1,1,5,1,5,1,3,5,4,5,1,1,3,4,5,5,6,7,7,3,5,7,49,0.740740740740741,15,0.145833333333333,5.44444444444444,1.875
"301",301,86,87,18,4,4,4,5,3,3,2,4,3,3,3,3,5,4,6,2,2,5,3,5,5,4,4,5,5,5,6,43,0.62962962962963,27,0.395833333333333,4.77777777777778,3.375
"302",302,86,88,18,5,2,5,4,4,2,2,6,4,3,3,3,5,6,5,2,2,6,3,6,6,6,6,6,5,5,6,49,0.740740740740741,30,0.458333333333333,5.44444444444444,3.75
"303",303,86,89,18,6,2,2,2,1,2,2,6,2,6,2,6,6,7,7,2,2,4,2,6,7,7,6,6,2,2,6,52,0.796296296296296,15,0.145833333333333,5.77777777777778,1.875
"304",304,86,90,18,6,2,2,2,2,2,2,6,2,6,2,6,6,4,4,1,1,4,2,4,7,7,6,6,2,2,7,47,0.703703703703704,15,0.145833333333333,5.22222222222222,1.875
"313",313,89,86,18,4,4,5,4,7,1,1,4,4,1,4,1,5,4,4,1,1,4,4,4,5,4,4,7,7,7,7,43,0.62962962962963,36,0.583333333333333,4.77777777777778,4.5
"314",314,89,87,18,4,6,7,7,7,3,7,4,7,1,7,1,4,7,4,3,4,7,1,7,4,4,2,5,7,7,4,41,0.592592592592593,52,0.916666666666667,4.55555555555556,6.5
"315",315,89,88,18,7,1,5,7,7,1,1,7,7,1,3,4,7,7,7,1,3,7,1,7,7,7,7,7,7,4,5,61,0.962962962962963,35,0.5625,6.77777777777778,4.375
"316",316,89,90,18,7,1,1,4,1,1,1,7,1,7,1,4,7,7,4,1,1,3,1,5,7,7,7,7,1,4,7,57,0.888888888888889,11,0.0625,6.33333333333333,1.375
"321",321,91,92,19,7,1,4,4,1,1,1,7,1,5,1,4,7,6,6,1,1,6,4,5,7,7,7,7,3,4,7,58,0.907407407407407,16,0.166666666666667,6.44444444444444,2
"322",322,91,93,19,7,1,5,6,4,1,2,7,4,4,1,4,6,7,7,1,1,7,6,7,7,7,7,7,4,4,7,61,0.962962962962963,25,0.354166666666667,6.77777777777778,3.125
"323",323,91,94,19,7,1,5,4,1,1,1,7,1,7,1,4,7,7,7,1,1,7,6,7,7,7,7,7,1,4,7,60,0.944444444444444,15,0.145833333333333,6.66666666666667,1.875
"324",324,91,95,19,7,1,4,4,1,1,2,7,1,6,1,4,7,7,7,1,1,5,3,5,7,7,7,7,2,4,7,60,0.944444444444444,16,0.166666666666667,6.66666666666667,2
"325",325,92,91,19,5,3,2,3,2,3,1,5,1,6,2,5,4,4,4,1,2,2,2,5,6,5,5,5,2,3,6,41,0.592592592592593,14,0.125,4.55555555555556,1.75
"326",326,92,93,19,7,2,2,5,2,2,2,6,2,6,2,2,6,5,6,1,1,5,5,6,7,7,6,6,2,6,7,54,0.833333333333333,19,0.229166666666667,6,2.375
"327",327,92,94,19,5,2,2,5,2,2,2,6,2,6,2,3,5,4,5,1,2,5,5,6,6,6,6,6,2,5,6,48,0.722222222222222,18,0.208333333333333,5.33333333333333,2.25
"328",328,92,95,19,6,2,6,5,5,2,3,6,4,2,3,4,5,6,6,2,2,6,6,6,6,6,6,6,6,4,6,52,0.796296296296296,33,0.520833333333333,5.77777777777778,4.125
"329",329,93,91,19,5,1,1,2,1,1,1,4,1,7,1,4,4,3,3,1,1,4,6,6,7,7,7,7,1,4,7,42,0.611111111111111,11,0.0625,4.66666666666667,1.375
"330",330,93,92,19,6,1,3,4,4,1,2,5,4,4,3,3,6,6,6,1,1,4,3,5,7,7,7,7,4,5,7,54,0.833333333333333,26,0.375,6,3.25
"331",331,93,94,19,5,1,1,3,1,2,1,4,2,6,1,5,4,3,3,1,1,3,3,5,7,7,7,6,2,3,7,42,0.611111111111111,12,0.0833333333333333,4.66666666666667,1.5
"332",332,93,95,19,6,2,3,5,4,1,2,6,4,6,2,3,5,6,7,1,1,5,4,5,7,7,6,7,2,5,7,55,0.851851851851852,23,0.3125,6.11111111111111,2.875
"337",337,95,91,19,4,3,1,4,1,3,1,3,2,7,2,5,4,3,2,1,2,2,4,4,6,6,5,5,1,3,6,36,0.5,12,0.0833333333333333,4,1.5
"338",338,95,92,19,6,2,6,4,4,2,3,6,4,2,3,2,4,4,6,2,1,6,6,6,7,7,6,6,6,6,7,49,0.740740740740741,34,0.541666666666667,5.44444444444444,4.25
"339",339,95,93,19,6,3,4,4,5,2,2,6,4,2,4,2,5,4,6,1,1,4,4,6,6,6,5,6,6,6,7,49,0.740740740740741,32,0.5,5.44444444444444,4
"340",340,95,94,19,7,2,1,6,2,2,1,7,2,6,2,6,6,5,6,1,1,5,3,6,7,7,6,6,2,2,7,56,0.87037037037037,13,0.104166666666667,6.22222222222222,1.625
"341",341,96,97,20,3,2,2,3,2,1,1,2,2,2,2,2,2,3,5,1,2,2,3,6,6,5,6,7,6,6,6,37,0.518518518518518,22,0.291666666666667,4.11111111111111,2.75
"342",342,96,98,20,6,2,4,5,3,1,5,7,4,2,2,2,6,7,7,1,1,6,5,6,7,7,6,7,6,6,7,58,0.907407407407407,31,0.479166666666667,6.44444444444444,3.875
"343",343,96,99,20,7,1,2,4,3,1,2,6,2,6,2,5,6,6,7,1,1,4,3,7,7,7,7,7,2,3,7,57,0.888888888888889,17,0.1875,6.33333333333333,2.125
"344",344,96,100,20,6,1,2,3,1,1,2,6,3,4,2,2,7,7,7,1,1,5,4,7,7,7,7,7,4,6,7,57,0.888888888888889,21,0.270833333333333,6.33333333333333,2.625
"345",345,97,96,20,7,1,4,6,1,1,1,7,1,1,1,1,6,4,4,1,1,7,7,7,7,7,7,7,7,7,7,55,0.851851851851852,23,0.3125,6.11111111111111,2.875
"346",346,97,98,20,7,1,1,6,2,1,1,5,1,1,1,1,6,4,4,1,1,4,6,7,7,7,7,7,7,7,7,53,0.814814814814815,21,0.270833333333333,5.88888888888889,2.625
"347",347,97,99,20,7,1,2,5,1,1,1,4,1,2,1,1,4,4,6,1,1,3,2,7,6,6,7,7,6,7,7,51,0.777777777777778,20,0.25,5.66666666666667,2.5
"348",348,97,100,20,6,1,2,5,1,1,1,5,1,5,1,1,6,4,4,1,1,2,1,6,7,7,7,7,3,7,7,51,0.777777777777778,17,0.1875,5.66666666666667,2.125
"349",349,98,96,20,6,2,4,3,2,1,2,6,2,4,2,4,6,6,6,3,1,6,5,6,7,7,6,7,4,4,7,53,0.814814814814815,23,0.3125,5.88888888888889,2.875
"350",350,98,97,20,5,1,3,4,3,1,2,5,3,4,2,3,6,7,3,1,1,5,5,6,6,6,7,7,4,5,7,51,0.777777777777778,23,0.3125,5.66666666666667,2.875
"351",351,98,99,20,5,2,3,3,3,1,2,5,3,2,2,4,4,5,6,2,1,3,3,5,7,7,6,7,6,4,7,48,0.722222222222222,25,0.354166666666667,5.33333333333333,3.125
"352",352,98,100,20,6,2,3,5,2,2,2,6,2,4,2,5,5,5,5,2,1,4,4,6,7,7,6,6,4,3,7,51,0.777777777777778,20,0.25,5.66666666666667,2.5
"353",353,99,96,20,7,2,4,5,2,1,2,7,4,2,3,2,5,7,6,2,1,5,4,6,7,7,6,7,6,6,7,57,0.888888888888889,29,0.4375,6.33333333333333,3.625
"354",354,99,97,20,7,5,6,4,5,2,4,6,6,2,4,3,4,5,6,2,4,7,6,6,7,7,3,6,6,5,4,45,0.666666666666667,38,0.625,5,4.75
"355",355,99,98,20,6,2,5,6,4,1,2,7,4,4,3,1,7,6,7,1,1,6,5,6,7,7,6,7,4,7,7,59,0.925925925925926,30,0.458333333333333,6.55555555555556,3.75
"356",356,99,100,20,7,1,3,6,5,1,2,6,4,4,4,3,7,6,7,1,2,5,4,7,7,7,7,7,4,5,6,59,0.925925925925926,28,0.416666666666667,6.55555555555556,3.5
"357",357,100,96,20,5,3,5,3,5,3,4,5,4,2,3,3,6,5,5,2,2,4,4,5,6,5,5,5,6,5,6,45,0.666666666666667,34,0.541666666666667,5,4.25
"358",358,100,97,20,5,3,3,4,3,2,3,5,3,4,3,5,5,6,5,2,2,5,4,5,6,6,5,6,4,3,6,47,0.703703703703704,24,0.333333333333333,5.22222222222222,3
"359",359,100,98,20,6,3,4,5,3,2,3,6,3,4,3,3,5,5,6,2,2,6,6,6,6,6,5,6,4,5,6,50,0.759259259259259,27,0.395833333333333,5.55555555555556,3.375
"360",360,100,99,20,6,3,4,5,3,2,3,5,4,3,3,3,6,5,5,2,2,6,5,6,6,6,5,6,5,5,6,49,0.740740740740741,29,0.4375,5.44444444444444,3.625
"361",361,101,102,21,5,1,2,4,1,1,1,6,3,6,2,4,7,6,6,1,1,7,5,7,7,7,7,7,2,4,7,55,0.851851851851852,16,0.166666666666667,6.11111111111111,2
"362",362,101,103,21,7,1,1,5,1,1,1,7,1,7,1,2,7,5,5,1,1,5,4,7,7,7,7,7,1,6,7,57,0.888888888888889,13,0.104166666666667,6.33333333333333,1.625
"363",363,101,104,21,6,1,1,6,1,1,1,7,1,7,1,7,6,6,6,1,1,3,3,6,7,7,7,7,1,1,7,58,0.907407407407407,8,0,6.44444444444444,1
"364",364,101,105,21,6,1,1,6,1,1,1,6,2,6,2,4,6,6,6,1,1,5,6,5,7,7,7,7,2,4,7,57,0.888888888888889,14,0.125,6.33333333333333,1.75
"365",365,102,101,21,3,4,4,3,4,3,3,5,4,2,6,2,6,5,4,2,3,3,3,5,4,4,4,5,6,6,5,40,0.574074074074074,35,0.5625,4.44444444444444,4.375
"366",366,102,103,21,6,2,5,4,3,3,3,5,2,5,2,4,6,6,7,1,2,6,6,6,6,5,6,5,3,4,6,51,0.777777777777778,23,0.3125,5.66666666666667,2.875
"367",367,102,104,21,4,2,2,4,2,4,3,4,3,6,3,6,4,4,5,1,3,4,3,5,7,5,6,4,2,2,5,40,0.574074074074074,18,0.208333333333333,4.44444444444444,2.25
"368",368,102,105,21,5,3,4,3,2,3,2,4,4,3,2,3,3,4,3,2,2,5,4,3,5,4,5,5,5,5,6,38,0.537037037037037,26,0.375,4.22222222222222,3.25
"369",369,103,101,21,6,2,2,4,2,3,2,6,3,5,3,5,6,6,5,1,1,4,5,7,7,7,6,5,3,3,7,51,0.777777777777778,19,0.229166666666667,5.66666666666667,2.375
"370",370,103,102,21,7,3,4,5,3,2,3,6,3,3,4,4,6,6,6,1,1,5,4,6,7,7,5,6,5,4,7,54,0.833333333333333,27,0.395833333333333,6,3.375
"371",371,103,104,21,5,2,2,5,2,2,2,6,2,6,2,4,6,6,6,1,1,6,5,6,7,7,6,6,2,4,7,53,0.814814814814815,17,0.1875,5.88888888888889,2.125
"372",372,103,105,21,6,2,4,5,3,2,2,6,3,4,3,4,6,5,5,1,1,5,5,6,7,7,6,6,4,4,7,52,0.796296296296296,24,0.333333333333333,5.77777777777778,3
"373",373,104,101,21,6,1,1,2,1,1,1,7,1,7,1,7,6,4,5,1,1,3,3,6,7,7,7,7,1,1,7,51,0.777777777777778,8,0,5.66666666666667,1
"374",374,104,102,21,6,1,1,2,1,1,1,6,1,2,1,6,6,5,6,1,1,5,4,6,7,7,7,7,6,2,7,52,0.796296296296296,14,0.125,5.77777777777778,1.75
"375",375,104,103,21,5,1,1,1,1,1,1,6,1,1,1,7,5,4,4,1,1,3,3,6,7,7,7,7,7,1,7,46,0.685185185185185,14,0.125,5.11111111111111,1.75
"376",376,104,105,21,6,1,1,1,1,1,1,6,1,1,1,6,6,6,6,1,1,5,3,6,7,7,7,7,7,2,7,52,0.796296296296296,15,0.145833333333333,5.77777777777778,1.875
"377",377,105,101,21,5,1,1,5,1,1,1,6,1,4,1,4,4,4,6,1,1,3,6,4,6,6,7,7,4,4,7,51,0.777777777777778,14,0.125,5.66666666666667,1.75
"378",378,105,102,21,6,2,6,6,2,1,1,6,3,2,1,6,6,5,6,1,1,6,5,6,7,6,6,7,6,2,7,55,0.851851851851852,22,0.291666666666667,6.11111111111111,2.75
"379",379,105,103,21,6,2,2,5,1,1,1,5,2,3,2,5,4,6,4,1,1,6,4,7,7,7,6,7,5,3,7,50,0.759259259259259,17,0.1875,5.55555555555556,2.125
"380",380,105,104,21,6,1,1,4,1,1,1,6,1,4,1,6,5,5,6,1,1,5,4,6,6,6,7,7,4,2,7,53,0.814814814814815,12,0.0833333333333333,5.88888888888889,1.5
"381",381,106,107,22,5,2,1,6,1,4,1,6,1,7,1,4,4,4,6,1,1,3,2,5,7,7,6,4,1,4,7,48,0.722222222222222,11,0.0625,5.33333333333333,1.375
"382",382,106,108,22,6,2,1,5,2,6,1,7,1,3,2,6,7,4,5,1,1,5,3,6,7,7,6,2,5,2,7,49,0.740740740740741,15,0.145833333333333,5.44444444444444,1.875
"383",383,106,109,22,7,1,3,7,1,1,1,7,1,3,2,2,7,7,7,1,1,7,7,7,7,7,7,7,5,6,7,63,1,20,0.25,7,2.5
"384",384,106,110,22,7,1,5,7,6,4,5,7,1,4,5,7,7,7,7,1,1,7,5,5,7,7,7,4,4,1,7,60,0.944444444444444,28,0.416666666666667,6.66666666666667,3.5
"385",385,107,106,22,5,4,2,4,1,2,1,6,2,7,2,4,5,6,5,1,1,4,4,4,7,7,4,6,1,4,7,48,0.722222222222222,14,0.125,5.33333333333333,1.75
"386",386,107,108,22,5,4,4,4,1,1,1,4,1,4,1,4,7,7,6,1,1,4,4,4,7,7,4,7,4,4,7,51,0.777777777777778,17,0.1875,5.66666666666667,2.125
"387",387,107,109,22,6,4,4,5,1,1,1,7,1,4,1,5,7,7,7,1,1,7,7,7,7,7,4,7,4,3,7,57,0.888888888888889,16,0.166666666666667,6.33333333333333,2
"388",388,107,110,22,4,4,5,5,5,4,4,4,5,2,6,2,5,5,5,4,5,5,5,5,5,5,4,4,6,6,3,39,0.555555555555556,41,0.6875,4.33333333333333,5.125
"389",389,108,106,22,5,4,1,5,1,5,1,5,1,7,2,7,6,7,4,1,1,5,3,7,7,7,4,3,1,1,7,46,0.685185185185185,9,0.0208333333333333,5.11111111111111,1.125
"390",390,108,107,22,4,4,7,4,3,3,4,4,7,5,4,1,6,6,5,1,4,3,3,5,6,6,4,5,3,7,4,42,0.611111111111111,36,0.583333333333333,4.66666666666667,4.5
"391",391,108,109,22,7,1,1,7,1,1,1,7,1,1,1,5,7,7,7,1,1,7,7,7,7,7,7,7,7,3,7,63,1,16,0.166666666666667,7,2
"392",392,108,110,22,7,5,7,7,6,5,6,6,5,2,2,1,7,7,7,4,4,4,2,3,6,6,3,3,6,7,4,51,0.777777777777778,43,0.729166666666667,5.66666666666667,5.375
"393",393,109,106,22,4,1,1,5,1,5,1,4,1,7,1,6,4,7,7,1,1,7,5,7,7,7,7,3,1,2,7,48,0.722222222222222,9,0.0208333333333333,5.33333333333333,1.125
"394",394,109,107,22,5,1,2,5,2,1,3,5,5,3,3,6,6,6,6,1,1,5,2,7,7,6,7,7,5,2,7,54,0.833333333333333,23,0.3125,6,2.875
"395",395,109,108,22,4,1,1,6,1,1,1,6,1,7,2,1,7,7,7,1,1,4,2,7,7,7,7,7,1,7,7,58,0.907407407407407,15,0.145833333333333,6.44444444444444,1.875
"396",396,109,110,22,7,1,5,7,4,1,2,7,6,5,4,3,7,7,5,1,1,5,4,7,7,7,7,7,3,5,7,61,0.962962962962963,30,0.458333333333333,6.77777777777778,3.75
"397",397,110,106,22,4,2,1,4,2,1,1,5,1,7,1,6,5,5,4,1,1,4,3,7,7,7,6,7,1,2,7,47,0.703703703703704,10,0.0416666666666667,5.22222222222222,1.25
"398",398,110,107,22,3,4,7,4,4,4,2,3,6,2,4,1,4,3,4,2,4,4,3,4,4,4,4,4,6,7,4,33,0.444444444444444,38,0.625,3.66666666666667,4.75
"399",399,110,109,22,7,3,5,7,4,1,1,7,5,2,6,3,7,7,7,4,4,7,7,7,7,7,5,7,6,5,4,58,0.907407407407407,36,0.583333333333333,6.44444444444444,4.5
"400",400,110,108,22,4,1,1,5,1,5,1,4,1,7,1,7,3,1,2,1,1,2,1,2,7,7,7,3,1,1,7,36,0.5,8,0,4,1
"405",405,112,111,23,2,6,6,4,6,3,4,4,4,3,3,3,4,4,5,2,2,4,5,4,4,4,2,5,5,5,6,36,0.5,35,0.5625,4,4.375
"406",406,112,113,23,5,4,1,5,1,2,1,5,1,6,2,7,4,5,4,1,2,2,1,4,4,6,4,6,2,1,6,44,0.648148148148148,10,0.0416666666666667,4.88888888888889,1.25
"407",407,112,114,23,5,5,3,5,2,2,2,5,2,4,4,4,6,6,6,3,3,4,4,6,6,5,3,6,4,4,5,47,0.703703703703704,24,0.333333333333333,5.22222222222222,3
"408",408,112,115,23,4,4,6,4,6,3,5,5,5,3,6,3,5,6,6,4,3,5,4,5,6,4,4,5,5,5,5,44,0.648148148148148,42,0.708333333333333,4.88888888888889,5.25
"409",409,113,111,23,7,4,4,4,4,1,1,4,3,7,4,4,7,5,5,1,1,2,5,3,3,3,4,7,1,4,7,50,0.759259259259259,22,0.291666666666667,5.55555555555556,2.75
"410",410,113,112,23,6,2,4,5,2,1,1,5,1,7,2,5,7,7,7,1,1,6,5,6,4,4,6,7,1,3,7,57,0.888888888888889,15,0.145833333333333,6.33333333333333,1.875
"411",411,113,114,23,6,1,5,6,3,1,1,5,1,7,1,4,7,7,7,1,1,6,5,7,7,7,7,7,1,4,7,59,0.925925925925926,17,0.1875,6.55555555555556,2.125
"412",412,113,115,23,7,1,3,6,1,1,1,3,4,7,1,2,7,7,7,1,1,5,5,5,4,4,7,7,1,6,7,58,0.907407407407407,18,0.208333333333333,6.44444444444444,2.25
"413",413,114,111,23,5,4,6,4,6,3,1,4,5,2,3,1,4,4,4,1,1,3,4,7,5,4,4,5,6,7,7,41,0.592592592592593,35,0.5625,4.55555555555556,4.375
"414",414,114,112,23,6,1,2,3,1,1,1,7,1,7,1,2,7,5,7,1,1,4,5,7,7,7,7,7,1,6,7,56,0.87037037037037,14,0.125,6.22222222222222,1.75
"415",415,114,113,23,7,1,1,3,1,1,1,6,2,6,2,2,7,7,6,1,1,4,4,5,7,7,7,7,2,6,7,57,0.888888888888889,16,0.166666666666667,6.33333333333333,2
"416",416,114,115,23,7,2,3,4,4,1,1,6,2,4,4,3,6,5,7,1,1,5,4,7,7,7,6,7,4,5,7,55,0.851851851851852,24,0.333333333333333,6.11111111111111,3
"417",417,115,111,23,5,4,5,3,5,2,6,3,6,2,4,1,4,4,3,5,2,5,6,6,6,3,4,6,6,7,6,38,0.537037037037037,44,0.75,4.22222222222222,5.5
"418",418,115,112,23,4,3,1,3,1,2,1,4,1,7,1,2,7,7,4,1,1,3,3,6,6,5,5,6,1,6,7,47,0.703703703703704,13,0.104166666666667,5.22222222222222,1.625
"419",419,115,113,23,4,2,1,2,1,2,2,4,2,4,4,6,6,6,4,1,1,2,2,6,5,5,6,6,4,2,7,45,0.666666666666667,17,0.1875,5,2.125
"420",420,115,114,23,6,1,3,6,4,1,2,6,4,3,2,4,6,7,6,1,2,6,5,6,7,6,7,7,5,4,6,57,0.888888888888889,25,0.354166666666667,6.33333333333333,3.125
"421",421,116,117,24,7,1,1,1,4,1,1,7,1,7,7,7,7,7,7,1,1,7,7,7,7,7,7,7,1,1,7,57,0.888888888888889,17,0.1875,6.33333333333333,2.125
"422",422,116,118,24,7,1,1,1,1,1,1,7,1,1,7,7,7,7,7,1,1,7,7,7,7,7,7,7,7,1,7,57,0.888888888888889,20,0.25,6.33333333333333,2.5
"423",423,116,119,24,7,1,1,1,4,1,1,7,1,1,7,7,7,7,7,1,1,7,7,7,7,7,7,7,7,1,7,57,0.888888888888889,23,0.3125,6.33333333333333,2.875
"424",424,116,120,24,7,1,1,1,4,1,1,7,1,1,7,7,7,7,7,1,1,7,7,7,7,7,7,7,7,1,7,57,0.888888888888889,23,0.3125,6.33333333333333,2.875
"425",425,117,116,24,4,4,1,1,1,1,1,5,3,7,7,7,7,7,4,1,1,2,2,6,7,7,4,7,1,1,7,46,0.685185185185185,16,0.166666666666667,5.11111111111111,2
"426",426,117,118,24,7,1,1,4,1,1,1,7,1,7,1,7,7,7,5,1,1,5,4,7,7,7,7,7,1,1,7,58,0.907407407407407,8,0,6.44444444444444,1
"427",427,117,119,24,7,1,1,4,1,1,1,6,1,1,3,7,7,7,6,1,1,6,4,7,7,7,7,7,7,1,7,58,0.907407407407407,16,0.166666666666667,6.44444444444444,2
"428",428,117,120,24,7,1,1,3,1,1,1,7,1,7,4,7,7,4,2,1,1,4,4,6,7,7,7,7,1,1,7,51,0.777777777777778,11,0.0625,5.66666666666667,1.375
"429",429,118,116,24,6,3,3,4,3,4,1,5,2,4,4,4,7,6,5,1,2,1,1,4,7,7,5,4,4,4,6,48,0.722222222222222,22,0.291666666666667,5.33333333333333,2.75
"430",430,118,117,24,6,2,1,4,1,6,1,6,1,6,1,7,6,6,6,1,1,1,1,4,7,7,6,2,2,1,7,49,0.740740740740741,9,0.0208333333333333,5.44444444444444,1.125
"431",431,118,119,24,7,1,2,6,2,1,1,7,1,4,4,6,7,6,6,1,1,1,1,4,7,7,7,7,4,2,7,60,0.944444444444444,17,0.1875,6.66666666666667,2.125
"432",432,118,120,24,6,1,1,5,1,1,1,6,2,6,2,6,5,4,4,1,1,1,1,4,7,7,7,7,2,2,7,51,0.777777777777778,12,0.0833333333333333,5.66666666666667,1.5
"433",433,119,116,24,4,6,4,5,6,3,6,2,5,2,5,4,5,2,2,1,3,3,2,4,6,4,2,5,6,4,5,32,0.425925925925926,37,0.604166666666667,3.55555555555556,4.625
"434",434,119,117,24,5,3,2,4,1,1,1,5,1,5,2,4,6,7,5,1,1,5,5,6,6,6,5,7,3,4,7,51,0.777777777777778,15,0.145833333333333,5.66666666666667,1.875
"435",435,119,118,24,7,4,3,6,1,1,1,7,1,3,4,6,7,7,7,1,1,6,6,6,7,7,4,7,5,2,7,59,0.925925925925926,18,0.208333333333333,6.55555555555556,2.25
"436",436,119,120,24,4,3,2,5,1,1,1,5,1,4,2,5,4,5,4,1,1,3,4,4,6,6,5,7,4,3,7,46,0.685185185185185,15,0.145833333333333,5.11111111111111,1.875
"438",438,120,117,24,6,4,2,6,2,2,2,5,2,6,2,6,6,6,6,1,2,6,6,6,7,7,4,6,2,2,6,51,0.777777777777778,15,0.145833333333333,5.66666666666667,1.875
"439",439,120,118,24,7,3,3,4,1,1,1,7,2,5,3,4,7,7,7,6,1,6,2,6,7,7,5,7,3,4,7,58,0.907407407407407,23,0.3125,6.44444444444444,2.875
"440",440,120,119,24,6,2,2,5,1,1,1,6,3,4,2,3,6,6,6,1,1,6,5,6,7,7,6,7,4,5,7,55,0.851851851851852,19,0.229166666666667,6.11111111111111,2.375
"441",441,121,122,25,6,2,2,6,3,2,2,5,1,7,6,5,7,7,6,1,1,5,3,6,7,7,6,6,1,3,7,56,0.87037037037037,19,0.229166666666667,6.22222222222222,2.375
"442",442,121,123,25,4,3,5,5,6,2,5,5,5,3,6,3,5,4,4,2,1,3,3,5,5,5,5,6,5,5,7,45,0.666666666666667,39,0.645833333333333,5,4.875
"443",443,121,124,25,6,2,5,6,6,2,5,6,5,3,6,3,6,6,6,1,1,7,7,7,6,6,6,6,5,5,7,55,0.851851851851852,38,0.625,6.11111111111111,4.75
"444",444,121,125,25,6,1,2,6,3,2,2,6,2,7,7,7,7,5,5,1,1,6,5,5,7,7,7,6,1,1,7,55,0.851851851851852,19,0.229166666666667,6.11111111111111,2.375
"445",445,122,121,25,6,2,2,5,1,1,1,6,1,6,2,6,7,7,6,1,1,6,4,7,7,7,6,7,2,2,7,57,0.888888888888889,12,0.0833333333333333,6.33333333333333,1.5
"446",446,122,123,25,5,5,3,4,3,2,1,4,3,7,1,3,6,7,5,1,2,3,2,5,4,4,3,6,1,5,6,46,0.685185185185185,18,0.208333333333333,5.11111111111111,2.25
"447",447,122,124,25,6,4,4,6,3,1,2,5,6,3,4,2,6,7,5,1,3,5,7,6,5,6,4,7,5,6,5,51,0.777777777777778,31,0.479166666666667,5.66666666666667,3.875
"448",448,122,125,25,6,2,1,5,2,1,1,6,2,7,2,6,6,7,6,1,2,4,3,6,7,7,6,7,1,2,6,55,0.851851851851852,12,0.0833333333333333,6.11111111111111,1.5
"449",449,123,121,25,5,2,1,4,2,1,1,5,1,6,2,6,6,6,6,1,1,5,5,5,6,6,6,7,2,2,7,52,0.796296296296296,12,0.0833333333333333,5.77777777777778,1.5
"450",450,123,122,25,5,2,2,4,2,1,1,5,1,7,2,5,6,6,6,1,1,5,5,5,6,6,6,7,1,3,7,52,0.796296296296296,13,0.104166666666667,5.77777777777778,1.625
"451",451,123,124,25,5,2,3,6,2,1,1,5,2,3,2,2,5,5,6,1,1,5,5,5,5,6,6,7,5,6,7,52,0.796296296296296,22,0.291666666666667,5.77777777777778,2.75
"452",452,123,125,25,5,2,1,5,2,2,1,5,2,2,2,5,5,5,6,1,1,5,5,5,6,6,6,6,6,3,7,50,0.759259259259259,18,0.208333333333333,5.55555555555556,2.25
"453",453,124,121,25,6,1,2,6,2,1,1,6,2,3,3,2,6,6,6,1,1,5,4,6,7,7,7,7,5,6,7,57,0.888888888888889,22,0.291666666666667,6.33333333333333,2.75
"454",454,124,122,25,5,1,2,6,2,1,1,5,2,1,2,2,6,5,5,1,1,5,2,6,6,7,7,7,7,6,7,53,0.814814814814815,23,0.3125,5.88888888888889,2.875
"455",455,124,123,25,6,1,4,5,3,2,2,5,3,2,4,2,6,5,5,1,1,5,4,5,6,7,7,6,6,6,7,52,0.796296296296296,29,0.4375,5.77777777777778,3.625
"456",456,124,125,25,6,1,2,6,1,1,1,6,2,6,2,5,6,6,6,1,1,5,5,6,7,7,7,7,2,3,7,57,0.888888888888889,14,0.125,6.33333333333333,1.75
"457",457,125,121,25,7,3,3,5,3,2,1,7,3,7,1,4,7,7,6,1,1,5,6,7,7,7,5,6,1,4,7,57,0.888888888888889,17,0.1875,6.33333333333333,2.125
"458",458,125,122,25,5,4,3,6,3,2,1,4,3,7,1,6,5,5,6,1,1,5,5,6,7,7,4,6,1,2,7,48,0.722222222222222,15,0.145833333333333,5.33333333333333,1.875
"459",459,125,123,25,4,4,1,4,1,1,1,5,1,7,1,7,4,4,4,1,1,5,5,6,7,7,4,7,1,1,7,43,0.62962962962963,8,0,4.77777777777778,1
"460",460,125,124,25,5,6,7,7,5,1,1,7,1,1,5,5,5,5,6,1,1,7,7,7,7,7,2,7,7,3,7,51,0.777777777777778,30,0.458333333333333,5.66666666666667,3.75
"461",461,126,127,26,7,1,3,5,2,1,1,6,3,6,1,7,7,6,6,1,1,6,7,7,7,7,7,7,2,1,7,58,0.907407407407407,14,0.125,6.44444444444444,1.75
"462",462,126,128,26,5,1,2,4,1,1,1,6,2,7,1,6,6,5,4,1,1,4,3,4,7,7,7,7,1,2,7,51,0.777777777777778,11,0.0625,5.66666666666667,1.375
"463",463,126,129,26,6,1,2,4,2,1,1,3,2,7,1,7,4,4,5,1,1,6,5,6,7,7,7,7,1,1,7,47,0.703703703703704,11,0.0625,5.22222222222222,1.375
"464",464,126,130,26,5,2,4,5,4,2,1,6,2,7,1,7,6,5,6,1,1,5,6,6,7,7,6,6,1,1,7,52,0.796296296296296,15,0.145833333333333,5.77777777777778,1.875
"465",465,127,126,26,7,1,1,7,1,1,1,7,1,3,1,5,7,7,6,1,1,7,5,7,7,7,7,7,5,3,7,62,0.981481481481482,14,0.125,6.88888888888889,1.75
"466",466,127,128,26,7,1,1,4,1,1,1,7,1,4,1,7,1,1,1,1,1,4,1,7,7,7,7,7,4,1,7,42,0.611111111111111,11,0.0625,4.66666666666667,1.375
"467",467,127,129,26,7,1,5,4,3,1,1,7,6,2,3,3,7,4,4,1,1,4,3,7,7,7,7,7,6,5,7,54,0.833333333333333,30,0.458333333333333,6,3.75
"468",468,127,130,26,7,1,1,5,1,1,1,7,1,6,1,7,7,4,4,1,1,5,2,7,7,7,7,7,2,1,7,55,0.851851851851852,9,0.0208333333333333,6.11111111111111,1.125
"469",469,128,126,26,7,1,3,3,1,1,1,7,1,2,1,6,7,7,7,1,1,7,7,7,7,7,7,7,6,2,7,59,0.925925925925926,16,0.166666666666667,6.55555555555556,2
"470",470,128,127,26,7,1,1,6,1,1,1,7,1,7,1,2,7,4,4,1,1,6,4,7,7,7,7,7,1,6,7,56,0.87037037037037,13,0.104166666666667,6.22222222222222,1.625
"471",471,128,129,26,7,1,6,4,1,1,1,7,2,3,1,6,7,7,6,1,1,4,2,6,7,7,7,7,5,2,7,59,0.925925925925926,19,0.229166666666667,6.55555555555556,2.375
"472",472,128,130,26,5,1,1,3,1,1,1,5,1,4,1,5,4,4,2,1,1,3,3,6,7,7,7,7,4,3,7,44,0.648148148148148,13,0.104166666666667,4.88888888888889,1.625
"473",473,129,126,26,6,2,2,4,2,2,1,6,2,6,2,6,7,7,7,1,2,7,6,6,7,7,6,6,2,2,6,55,0.851851851851852,14,0.125,6.11111111111111,1.75
"474",474,129,127,26,7,1,1,5,1,1,1,7,1,7,2,7,6,6,6,1,1,6,6,6,7,7,7,7,1,1,7,58,0.907407407407407,9,0.0208333333333333,6.44444444444444,1.125
"475",475,129,128,26,6,1,1,4,2,1,1,6,1,7,1,7,7,5,5,1,1,7,5,5,7,7,7,7,1,1,7,54,0.833333333333333,9,0.0208333333333333,6,1.125
"476",476,129,130,26,6,1,5,6,1,1,1,6,1,6,1,6,6,6,6,1,1,6,6,6,7,7,7,7,2,2,7,57,0.888888888888889,14,0.125,6.33333333333333,1.75
"477",477,130,126,26,6,2,1,5,1,1,1,7,1,4,2,6,7,7,6,1,1,6,4,6,7,7,6,7,4,2,7,58,0.907407407407407,13,0.104166666666667,6.44444444444444,1.625
"478",478,130,127,26,6,1,1,4,1,1,1,7,2,4,2,5,6,5,4,1,1,5,6,4,7,7,7,7,4,3,7,53,0.814814814814815,15,0.145833333333333,5.88888888888889,1.875
"479",479,130,128,26,6,1,2,4,2,2,2,6,2,7,2,7,5,4,5,1,1,4,3,6,7,7,7,6,1,1,7,50,0.759259259259259,13,0.104166666666667,5.55555555555556,1.625
"480",480,130,129,26,7,1,1,6,1,1,1,7,1,3,2,7,7,7,6,1,1,6,5,6,7,7,7,7,5,1,7,61,0.962962962962963,13,0.104166666666667,6.77777777777778,1.625
"481",481,131,132,27,5,2,2,5,1,2,1,4,1,6,1,2,2,3,4,1,2,4,2,5,5,5,6,6,2,6,6,41,0.592592592592593,15,0.145833333333333,4.55555555555556,1.875
"482",482,131,133,27,6,3,2,4,2,2,1,5,3,5,1,6,6,6,6,1,5,5,4,5,6,6,5,6,3,2,3,47,0.703703703703704,15,0.145833333333333,5.22222222222222,1.875
"483",483,131,134,27,5,2,2,5,2,1,2,6,3,3,1,5,5,6,4,1,4,6,6,6,5,5,6,7,5,3,4,48,0.722222222222222,19,0.229166666666667,5.33333333333333,2.375
"484",484,131,135,27,5,3,1,5,1,3,1,5,1,5,1,7,6,5,4,1,1,4,3,3,7,7,5,5,3,1,7,47,0.703703703703704,10,0.0416666666666667,5.22222222222222,1.25
"485",485,132,131,27,5,1,1,3,4,1,1,6,2,4,3,5,2,3,4,1,1,4,2,5,5,5,7,7,4,3,7,44,0.648148148148148,19,0.229166666666667,4.88888888888889,2.375
"486",486,132,133,27,4,3,5,5,5,2,4,4,5,3,4,3,3,5,5,2,3,5,4,5,3,4,5,6,5,5,5,42,0.611111111111111,35,0.5625,4.66666666666667,4.375
"487",487,132,134,27,4,2,2,4,1,1,3,4,2,4,3,5,4,4,4,2,2,4,5,5,5,5,6,7,4,3,6,43,0.62962962962963,20,0.25,4.77777777777778,2.5
"488",488,132,135,27,4,1,1,4,2,4,1,4,2,6,2,6,4,4,5,1,1,3,3,5,5,5,7,4,2,2,7,43,0.62962962962963,13,0.104166666666667,4.77777777777778,1.625
"489",489,133,131,27,4,1,2,5,1,2,1,4,1,2,1,2,3,6,4,1,2,3,2,4,5,5,7,6,6,6,6,45,0.666666666666667,19,0.229166666666667,5,2.375
"490",490,133,132,27,4,1,1,3,1,1,1,2,1,5,1,2,2,6,3,1,2,5,5,6,4,4,7,7,3,6,6,40,0.574074074074074,15,0.145833333333333,4.44444444444444,1.875
"491",491,133,134,27,6,1,2,3,2,1,2,5,2,1,3,3,5,5,5,2,2,6,4,6,7,7,7,7,7,5,6,49,0.740740740740741,25,0.354166666666667,5.44444444444444,3.125
"492",492,133,135,27,3,2,1,3,1,1,1,3,1,4,1,2,2,3,3,1,1,3,2,4,5,5,6,7,4,6,7,37,0.518518518518518,16,0.166666666666667,4.11111111111111,2
"493",493,134,131,27,5,2,2,5,1,3,1,5,2,5,2,6,6,6,5,1,2,5,4,5,6,5,6,5,3,2,6,49,0.740740740740741,14,0.125,5.44444444444444,1.75
"494",494,134,132,27,5,4,5,5,4,2,4,5,5,3,4,2,4,5,6,4,4,6,6,6,5,4,4,6,5,6,4,44,0.648148148148148,37,0.604166666666667,4.88888888888889,4.625
"495",495,134,133,27,6,3,5,5,5,2,3,5,6,3,4,2,5,6,5,3,2,5,5,6,7,7,5,6,5,6,6,49,0.740740740740741,37,0.604166666666667,5.44444444444444,4.625
"496",496,134,135,27,2,6,1,3,1,5,1,2,2,7,2,6,5,5,4,1,4,2,1,2,4,4,2,3,1,2,4,30,0.388888888888889,11,0.0625,3.33333333333333,1.375
"497",497,135,131,27,6,2,1,4,1,1,1,6,1,7,1,7,4,3,3,1,1,3,2,4,7,5,6,7,1,1,7,46,0.685185185185185,8,0,5.11111111111111,1
"498",498,135,132,27,5,2,1,4,2,1,1,6,2,5,2,5,4,4,4,1,1,5,6,6,5,4,6,7,3,3,7,47,0.703703703703704,15,0.145833333333333,5.22222222222222,1.875
"499",499,135,133,27,6,2,3,5,3,2,1,7,2,3,4,4,5,6,5,1,1,6,5,5,5,4,6,6,5,4,7,53,0.814814814814815,23,0.3125,5.88888888888889,2.875
"500",500,135,134,27,6,2,2,5,2,2,1,5,1,6,2,6,5,5,4,1,1,6,5,6,5,5,6,6,2,2,7,49,0.740740740740741,13,0.104166666666667,5.44444444444444,1.625
"502",502,136,138,28,5,2,2,5,1,1,1,6,1,6,2,6,7,6,6,1,1,6,6,6,7,7,6,7,2,2,7,55,0.851851851851852,12,0.0833333333333333,6.11111111111111,1.5
"503",503,136,139,28,5,2,1,4,1,2,1,5,1,6,4,6,6,6,6,1,1,5,5,5,7,7,6,6,2,2,7,51,0.777777777777778,13,0.104166666666667,5.66666666666667,1.625
"504",504,136,140,28,5,1,5,5,4,2,4,5,4,2,3,2,6,6,6,1,1,6,5,5,7,7,7,6,6,6,7,53,0.814814814814815,33,0.520833333333333,5.88888888888889,4.125
"505",505,137,136,28,6,5,5,4,3,2,3,3,3,2,3,2,5,6,6,2,1,5,4,5,6,5,3,6,6,6,7,46,0.685185185185185,31,0.479166666666667,5.11111111111111,3.875
"506",506,137,138,28,6,1,2,4,2,1,1,6,6,5,3,2,6,6,6,1,1,6,6,6,5,6,7,7,3,6,7,55,0.851851851851852,24,0.333333333333333,6.11111111111111,3
"509",509,138,136,28,6,2,3,3,3,2,1,6,4,5,2,4,5,5,5,1,2,4,3,6,6,6,6,6,3,4,6,48,0.722222222222222,21,0.270833333333333,5.33333333333333,2.625
"510",510,138,137,28,4,4,3,4,3,4,2,4,3,5,3,5,2,3,1,1,2,3,3,5,4,4,4,4,3,3,6,32,0.425925925925926,21,0.270833333333333,3.55555555555556,2.625
"511",511,138,139,28,5,5,3,2,3,3,2,4,5,3,3,5,4,4,3,2,2,5,5,6,5,5,3,5,5,3,6,36,0.5,26,0.375,4,3.25
"512",512,138,140,28,6,3,5,5,5,3,2,6,5,3,5,2,7,6,6,1,3,5,5,5,6,6,5,5,5,6,5,51,0.777777777777778,34,0.541666666666667,5.66666666666667,4.25
"513",513,139,136,28,7,4,2,3,1,1,1,7,2,7,4,4,4,5,5,1,1,4,1,7,7,7,4,7,1,4,7,49,0.740740740740741,16,0.166666666666667,5.44444444444444,2
"514",514,139,137,28,7,4,1,3,1,1,2,7,1,1,1,1,5,4,4,1,1,5,2,7,7,7,4,7,7,7,7,48,0.722222222222222,21,0.270833333333333,5.33333333333333,2.625
"515",515,139,138,28,7,4,2,3,1,1,4,7,2,2,1,7,5,7,4,1,1,6,7,7,7,7,4,7,6,1,7,51,0.777777777777778,18,0.208333333333333,5.66666666666667,2.25
"516",516,139,140,28,7,4,6,4,6,1,6,7,5,2,7,1,7,7,5,1,1,1,1,5,7,7,4,7,6,7,7,55,0.851851851851852,44,0.75,6.11111111111111,5.5
"517",517,140,136,28,6,1,5,4,2,2,1,6,4,3,4,2,6,6,7,1,1,2,2,4,7,7,7,6,5,6,7,55,0.851851851851852,28,0.416666666666667,6.11111111111111,3.5
"518",518,140,137,28,3,1,1,4,3,1,1,5,2,6,2,5,3,3,4,1,7,3,1,5,6,5,7,7,2,3,1,37,0.518518518518518,15,0.145833333333333,4.11111111111111,1.875
"519",519,140,138,28,7,1,4,6,2,1,1,7,3,5,5,6,7,7,7,2,2,6,6,6,7,7,7,7,3,2,6,61,0.962962962962963,22,0.291666666666667,6.77777777777778,2.75
"520",520,140,139,28,6,1,3,4,3,2,3,6,4,2,5,4,6,6,5,1,1,2,2,6,6,7,7,6,6,4,7,53,0.814814814814815,29,0.4375,5.88888888888889,3.625
"521",521,141,142,29,6,3,2,5,2,1,2,6,2,4,4,4,7,7,6,1,1,7,6,6,7,7,5,7,4,4,7,56,0.87037037037037,21,0.270833333333333,6.22222222222222,2.625
"522",522,141,143,29,7,2,1,4,1,1,1,7,1,4,4,6,7,6,7,1,1,5,5,6,7,7,6,7,4,2,7,58,0.907407407407407,15,0.145833333333333,6.44444444444444,1.875
"523",523,141,144,29,7,1,1,5,1,1,1,6,1,7,2,6,7,7,7,1,1,6,6,5,7,7,7,7,1,2,7,60,0.944444444444444,10,0.0416666666666667,6.66666666666667,1.25
"524",524,141,145,29,6,3,2,3,2,1,1,7,2,6,2,6,7,7,6,1,1,6,6,5,7,7,5,7,2,2,7,55,0.851851851851852,14,0.125,6.11111111111111,1.75
"525",525,142,141,29,6,2,3,5,3,1,1,7,4,4,3,6,7,7,4,2,2,3,3,6,7,6,6,7,4,2,6,55,0.851851851851852,22,0.291666666666667,6.11111111111111,2.75
"526",526,142,143,29,6,3,3,4,3,5,2,6,4,4,3,5,5,5,6,2,1,4,2,6,7,7,5,3,4,3,7,47,0.703703703703704,24,0.333333333333333,5.22222222222222,3
"527",527,142,144,29,6,4,3,3,2,3,1,4,2,7,1,6,5,5,4,1,1,6,4,6,7,6,4,5,1,2,7,43,0.62962962962963,13,0.104166666666667,4.77777777777778,1.625
"528",528,142,145,29,5,5,2,3,1,5,1,5,1,7,2,5,4,5,4,1,6,4,3,4,7,6,3,3,1,3,2,34,0.462962962962963,12,0.0833333333333333,3.77777777777778,1.5
"529",529,143,141,29,7,1,2,5,1,1,1,7,1,2,1,7,7,7,7,1,1,5,5,5,7,7,7,7,6,1,7,61,0.962962962962963,14,0.125,6.77777777777778,1.75
"530",530,143,142,29,6,2,4,5,4,2,1,6,1,4,3,2,6,7,6,1,2,6,7,6,7,7,6,6,4,6,6,54,0.833333333333333,24,0.333333333333333,6,3
"531",531,143,144,29,6,1,1,6,3,1,1,6,1,1,1,5,6,7,7,1,1,7,6,6,7,7,7,7,7,3,7,59,0.925925925925926,18,0.208333333333333,6.55555555555556,2.25
"532",532,143,145,29,6,1,1,4,1,1,1,7,1,7,1,7,6,6,4,1,1,4,4,4,7,7,7,7,1,1,7,54,0.833333333333333,8,0,6,1
"533",533,144,141,29,6,2,1,3,2,2,2,5,2,6,2,6,6,6,5,1,1,3,2,5,6,7,6,6,2,2,7,50,0.759259259259259,14,0.125,5.55555555555556,1.75
"534",534,144,142,29,4,4,3,2,4,3,5,4,4,4,3,3,5,5,6,2,2,5,4,4,6,5,4,5,4,5,6,41,0.592592592592593,30,0.458333333333333,4.55555555555556,3.75
"535",535,144,143,29,5,4,2,2,2,3,2,6,3,3,3,6,5,4,6,2,2,3,3,5,6,4,4,5,5,2,6,43,0.62962962962963,21,0.270833333333333,4.77777777777778,2.625
"536",536,144,145,29,5,3,1,3,1,3,1,5,1,7,1,7,6,6,6,1,1,3,3,5,6,6,5,5,1,1,7,48,0.722222222222222,8,0,5.33333333333333,1
"537",537,145,141,29,6,2,1,5,4,2,3,5,4,5,3,5,7,7,6,1,1,4,3,4,6,6,6,6,3,3,7,55,0.851851851851852,22,0.291666666666667,6.11111111111111,2.75
"538",538,145,142,29,4,2,5,4,6,4,4,3,2,5,7,2,4,5,3,4,2,6,6,5,6,4,6,4,3,6,6,39,0.555555555555556,37,0.604166666666667,4.33333333333333,4.625
"539",539,145,143,29,5,2,1,4,2,2,3,4,5,5,5,6,4,3,2,1,1,2,2,4,6,6,6,6,3,2,7,41,0.592592592592593,22,0.291666666666667,4.55555555555556,2.75
"540",540,145,144,29,5,2,4,4,4,2,2,5,3,4,4,4,6,6,6,1,1,6,4,6,6,6,6,6,4,4,7,51,0.777777777777778,26,0.375,5.66666666666667,3.25
"541",541,146,147,30,3,5,7,5,6,4,5,4,6,4,4,2,5,5,4,1,4,5,5,4,6,4,3,4,4,6,4,37,0.518518518518518,39,0.645833333333333,4.11111111111111,4.875
"542",542,146,148,30,7,2,3,7,2,2,3,7,1,3,5,4,7,7,7,1,1,6,5,6,7,7,6,6,5,4,7,61,0.962962962962963,24,0.333333333333333,6.77777777777778,3
"543",543,146,149,30,6,4,3,5,2,3,1,5,1,6,2,6,6,6,4,1,2,3,3,6,7,7,4,5,2,2,6,47,0.703703703703704,14,0.125,5.22222222222222,1.75
"544",544,146,150,30,6,2,4,7,2,1,1,6,1,5,2,5,7,7,5,1,1,7,6,6,7,7,6,7,3,3,7,58,0.907407407407407,17,0.1875,6.44444444444444,2.125
"545",545,147,146,30,7,5,3,6,2,1,2,7,2,4,2,2,7,7,7,1,1,6,5,7,7,7,3,7,4,6,7,58,0.907407407407407,22,0.291666666666667,6.44444444444444,2.75
"546",546,147,148,30,7,5,3,6,2,1,3,7,2,3,2,3,7,6,7,1,1,7,6,7,7,7,3,7,5,5,7,57,0.888888888888889,23,0.3125,6.33333333333333,2.875
"547",547,147,149,30,7,4,1,6,1,1,1,7,1,7,3,6,7,6,7,1,1,6,5,7,7,7,4,7,1,2,7,58,0.907407407407407,11,0.0625,6.44444444444444,1.375
"548",548,147,150,30,7,1,1,7,2,1,1,7,2,1,1,1,7,7,7,1,1,7,5,7,7,7,7,7,7,7,7,63,1,22,0.291666666666667,7,2.75
"549",549,148,146,30,6,4,3,5,2,1,4,5,5,1,6,4,7,7,5,4,1,4,4,4,7,7,4,7,7,4,7,53,0.814814814814815,35,0.5625,5.88888888888889,4.375
"550",550,148,147,30,7,2,4,4,4,1,2,6,5,4,4,3,5,7,6,1,1,5,5,5,7,7,6,7,4,5,7,55,0.851851851851852,29,0.4375,6.11111111111111,3.625
"551",551,148,149,30,7,2,3,4,3,1,2,6,3,5,2,5,6,7,6,2,1,3,3,4,7,7,6,7,3,3,7,56,0.87037037037037,21,0.270833333333333,6.22222222222222,2.625
"552",552,148,150,30,7,2,3,4,3,2,2,7,3,2,2,4,7,7,6,1,1,4,4,6,7,7,6,6,6,4,7,57,0.888888888888889,24,0.333333333333333,6.33333333333333,3
"553",553,149,146,30,6,2,3,4,5,2,3,6,2,3,4,6,6,5,4,1,1,4,4,4,6,6,6,6,5,2,7,50,0.759259259259259,25,0.354166666666667,5.55555555555556,3.125
"554",554,149,147,30,4,1,2,4,2,2,2,5,4,4,3,5,6,4,4,1,1,4,4,4,6,5,7,6,4,3,7,47,0.703703703703704,21,0.270833333333333,5.22222222222222,2.625
"555",555,149,148,30,5,2,1,5,2,2,2,6,2,5,2,6,6,5,5,1,1,4,4,4,6,6,6,6,3,2,7,51,0.777777777777778,15,0.145833333333333,5.66666666666667,1.875
"556",556,149,150,30,5,1,1,2,4,2,3,5,3,6,1,6,5,5,5,1,1,4,5,5,6,6,7,6,2,2,7,47,0.703703703703704,17,0.1875,5.22222222222222,2.125
"557",557,150,146,30,5,2,1,4,1,1,1,4,2,5,4,4,6,6,2,1,1,5,4,6,7,5,6,7,3,4,7,47,0.703703703703704,17,0.1875,5.22222222222222,2.125
"558",558,150,147,30,6,1,7,5,3,1,6,5,6,2,2,5,6,7,4,1,1,5,5,6,7,6,7,7,6,3,7,54,0.833333333333333,34,0.541666666666667,6,4.25
"559",559,150,148,30,7,1,1,1,2,1,1,7,1,5,1,4,7,7,5,1,1,7,7,7,7,7,7,7,3,4,7,55,0.851851851851852,14,0.125,6.11111111111111,1.75
"560",560,150,149,30,7,1,1,1,1,1,1,5,1,7,1,1,6,6,3,1,1,5,4,6,7,7,7,7,1,7,7,49,0.740740740740741,14,0.125,5.44444444444444,1.75
"561",561,151,152,31,5,1,4,4,2,1,2,6,1,3,1,2,6,6,4,1,1,4,3,6,5,5,7,7,5,6,7,52,0.796296296296296,22,0.291666666666667,5.77777777777778,2.75
"562",562,151,153,31,6,1,3,4,2,1,1,6,3,2,2,2,6,6,3,1,1,2,2,5,7,7,7,7,6,6,7,52,0.796296296296296,24,0.333333333333333,5.77777777777778,3
"563",563,151,154,31,6,1,1,3,1,1,1,6,1,4,1,3,7,7,4,1,1,4,4,6,7,7,7,7,4,5,7,54,0.833333333333333,15,0.145833333333333,6,1.875
"564",564,151,155,31,7,1,3,5,3,1,2,7,3,1,2,3,7,7,4,1,1,4,4,6,7,7,7,7,7,5,7,58,0.907407407407407,26,0.375,6.44444444444444,3.25
"565",565,152,151,31,6,1,1,1,1,1,1,7,1,7,1,7,6,4,4,1,1,1,4,5,7,7,7,7,1,1,7,49,0.740740740740741,8,0,5.44444444444444,1
"566",566,152,153,31,7,1,4,4,5,1,4,5,1,3,1,4,5,6,5,1,1,4,5,5,7,7,7,7,5,4,7,53,0.814814814814815,25,0.354166666666667,5.88888888888889,3.125
"567",567,152,154,31,4,1,4,4,4,1,1,6,1,7,1,7,6,4,5,1,1,5,6,6,7,7,7,7,1,1,7,50,0.759259259259259,14,0.125,5.55555555555556,1.75
"568",568,152,155,31,7,1,4,5,5,1,1,7,1,4,1,5,7,7,7,1,1,7,7,7,7,7,7,7,4,3,7,61,0.962962962962963,20,0.25,6.77777777777778,2.5
"569",569,153,151,31,5,3,2,4,3,4,3,4,1,7,1,7,4,5,4,1,6,4,4,4,7,7,5,4,1,1,2,37,0.518518518518518,13,0.104166666666667,4.11111111111111,1.625
"570",570,153,152,31,6,2,4,5,5,1,4,6,5,2,3,3,6,7,6,1,2,6,5,6,7,7,6,7,6,5,6,55,0.851851851851852,33,0.520833333333333,6.11111111111111,4.125
"571",571,153,154,31,7,1,3,5,5,1,3,5,4,2,2,4,5,6,7,2,1,6,5,7,7,7,7,7,6,4,7,56,0.87037037037037,29,0.4375,6.22222222222222,3.625
"572",572,153,155,31,7,1,4,7,4,1,3,7,4,4,5,2,7,7,7,2,2,7,7,7,7,7,7,7,4,6,6,62,0.981481481481482,32,0.5,6.88888888888889,4
"573",573,154,151,31,4,3,2,4,2,2,2,5,2,6,2,5,4,5,4,1,2,4,4,6,5,5,5,6,2,3,6,43,0.62962962962963,16,0.166666666666667,4.77777777777778,2
"574",574,154,152,31,5,2,2,4,2,1,1,6,2,6,2,5,6,6,5,1,1,6,5,5,6,6,6,7,2,3,7,52,0.796296296296296,15,0.145833333333333,5.77777777777778,1.875
"575",575,154,153,31,6,2,3,6,3,2,2,7,2,4,2,5,6,7,6,2,2,6,5,6,7,6,6,6,4,3,6,56,0.87037037037037,21,0.270833333333333,6.22222222222222,2.625
"576",576,154,155,31,6,4,3,5,2,2,2,6,2,3,2,6,7,6,5,1,2,6,5,6,6,5,4,6,5,2,6,51,0.777777777777778,19,0.229166666666667,5.66666666666667,2.375
"577",577,155,151,31,7,1,2,5,1,1,1,7,1,6,1,4,6,7,7,1,1,4,2,7,7,7,7,7,2,4,7,60,0.944444444444444,13,0.104166666666667,6.66666666666667,1.625
"578",578,155,152,31,7,1,5,6,1,1,1,7,2,4,1,2,7,7,7,1,1,6,1,7,7,7,7,7,4,6,7,62,0.981481481481482,21,0.270833333333333,6.88888888888889,2.625
"579",579,155,153,31,7,1,5,6,1,1,1,7,5,4,1,4,7,7,7,1,1,7,2,7,7,7,7,7,4,4,7,62,0.981481481481482,22,0.291666666666667,6.88888888888889,2.75
"580",580,155,154,31,7,1,1,7,1,1,1,7,4,4,1,4,7,7,7,1,1,7,2,7,7,7,7,7,4,4,7,63,1,17,0.1875,7,2.125
"581",581,156,157,32,7,3,4,5,4,1,2,7,4,5,3,4,6,6,6,1,1,6,5,6,7,7,5,7,3,4,7,56,0.87037037037037,25,0.354166666666667,6.22222222222222,3.125
"582",582,156,158,32,7,4,5,6,5,2,2,6,4,3,5,3,6,7,6,1,1,5,5,6,7,7,4,6,5,5,7,55,0.851851851851852,32,0.5,6.11111111111111,4
"583",583,156,159,32,7,3,4,7,3,1,2,7,4,6,3,3,7,7,7,1,1,6,5,6,7,7,5,7,2,5,7,61,0.962962962962963,24,0.333333333333333,6.77777777777778,3
"584",584,156,160,32,6,4,3,6,2,2,2,7,2,6,2,6,7,6,6,1,1,6,5,6,7,7,4,6,2,2,7,55,0.851851851851852,16,0.166666666666667,6.11111111111111,2
"585",585,157,156,32,7,1,1,3,1,2,1,6,2,6,3,5,5,4,4,1,1,6,2,7,7,7,7,6,2,3,7,49,0.740740740740741,14,0.125,5.44444444444444,1.75
"586",586,157,158,32,6,2,3,4,3,2,4,6,3,2,5,5,6,7,6,2,1,6,5,7,7,5,6,6,6,3,7,54,0.833333333333333,29,0.4375,6,3.625
"587",587,157,159,32,6,2,5,7,5,1,4,7,4,4,6,2,7,7,5,3,6,7,7,7,7,6,6,7,4,6,2,54,0.833333333333333,37,0.604166666666667,6,4.625
"588",588,157,160,32,6,2,1,5,4,2,2,7,1,5,2,6,6,6,4,1,1,6,4,7,6,6,6,6,3,2,7,53,0.814814814814815,16,0.166666666666667,5.88888888888889,2
"589",589,158,156,32,6,1,1,5,1,2,1,7,1,5,1,6,6,5,5,1,1,4,3,5,7,7,7,6,3,2,7,54,0.833333333333333,11,0.0625,6,1.375
"590",590,158,157,32,6,3,4,5,4,1,1,7,5,4,3,5,6,5,4,1,3,5,4,5,7,6,5,7,4,3,5,50,0.759259259259259,25,0.354166666666667,5.55555555555556,3.125
"591",591,158,159,32,6,2,4,6,2,2,2,7,5,2,1,4,6,7,5,1,1,6,5,6,7,7,6,6,6,4,7,56,0.87037037037037,25,0.354166666666667,6.22222222222222,3.125
"592",592,158,160,32,6,1,1,4,1,2,1,7,2,3,1,1,6,4,4,1,1,4,3,5,7,6,7,6,5,7,7,51,0.777777777777778,19,0.229166666666667,5.66666666666667,2.375
"593",593,159,156,32,7,2,1,5,2,1,2,6,4,4,1,5,6,7,5,1,1,5,2,7,7,7,6,7,4,3,7,56,0.87037037037037,18,0.208333333333333,6.22222222222222,2.25
"594",594,159,157,32,6,4,4,5,4,1,3,6,4,2,5,2,6,7,5,2,1,7,6,7,7,7,4,7,6,6,7,53,0.814814814814815,34,0.541666666666667,5.88888888888889,4.25
"595",595,159,158,32,6,2,3,6,2,1,2,6,4,3,5,3,7,7,6,1,1,6,7,7,7,7,6,7,5,5,7,58,0.907407407407407,27,0.395833333333333,6.44444444444444,3.375
"596",596,159,160,32,5,2,3,5,1,1,1,6,4,3,2,4,5,4,2,1,1,5,5,7,7,7,6,7,5,4,7,47,0.703703703703704,21,0.270833333333333,5.22222222222222,2.625
"597",597,160,156,32,7,1,2,4,2,2,1,6,3,6,2,6,6,7,5,1,1,3,3,5,7,7,7,6,2,2,7,55,0.851851851851852,15,0.145833333333333,6.11111111111111,1.875
"598",598,160,157,32,7,1,4,5,1,1,2,7,2,6,2,3,6,7,6,1,1,5,5,5,7,7,7,7,2,5,7,59,0.925925925925926,19,0.229166666666667,6.55555555555556,2.375
"599",599,160,158,32,7,2,4,7,3,1,3,6,4,5,4,3,7,7,6,1,1,6,5,6,7,7,6,7,3,5,7,60,0.944444444444444,27,0.395833333333333,6.66666666666667,3.375
"600",600,160,159,32,7,2,7,7,3,1,2,7,6,5,2,3,7,7,7,1,1,6,5,7,7,7,6,7,3,5,7,62,0.981481481481482,29,0.4375,6.88888888888889,3.625
